p,a,y_emp,y_pred,type
0.1,0.5,2.3336281860922905e-05,2.2259298292583527e-05,observed
0.1,0.7,2.77373599354139e-05,2.901086029081489e-05,observed
0.1,0.9,3.199232451025359e-05,3.4890121687349894e-05,observed
0.1,1.1,3.615470379985245e-05,4.0055876054063435e-05,observed
0.1,1.3,4.0062885332514e-05,4.463057954817304e-05,observed
0.1,1.5,4.421817162394395e-05,4.871018251829836e-05,observed
0.1,1.7,4.8024236570906995e-05,5.237093287918446e-05,observed
0.1,1.9,5.147992932734884e-05,5.567418630027134e-05,observed
0.1,2.1,5.524932623355839e-05,5.866987275976647e-05,observed
0.1,2.3,5.921437409160471e-05,6.139903785765082e-05,observed
0.1,2.5,6.277194105091615e-05,6.38957347272995e-05,observed
0.1,0.5,,2.2259298292583527e-05,pred_curve
0.1,0.5202020202020202,,2.2986417736668295e-05,pred_curve
0.1,0.5404040404040404,,2.3702800906859216e-05,pred_curve
0.1,0.5606060606060606,,2.4408683849978324e-05,pred_curve
0.1,0.5808080808080808,,2.5104295743582376e-05,pred_curve
0.1,0.601010101010101,,2.5789859144038566e-05,pred_curve
0.1,0.6212121212121212,,2.6465590223926525e-05,pred_curve
0.1,0.6414141414141414,,2.71316989992987e-05,pred_curve
0.1,0.6616161616161617,,2.778838954730082e-05,pred_curve
0.1,0.6818181818181819,,2.843586021462633e-05,pred_curve
0.1,0.702020202020202,,2.9074303817251898e-05,pred_curve
0.1,0.7222222222222222,,2.9703907831876673e-05,pred_curve
0.1,0.7424242424242424,,3.03248545794644e-05,pred_curve
0.1,0.7626262626262627,,3.093732140126601e-05,pred_curve
0.1,0.7828282828282829,,3.154148082767954e-05,pred_curve
0.1,0.803030303030303,,3.2137500740285195e-05,pred_curve
0.1,0.8232323232323233,,3.272554452737522e-05,pred_curve
0.1,0.8434343434343434,,3.3305771233281117e-05,pred_curve
0.1,0.8636363636363636,,3.3878335701785214e-05,pred_curve
0.1,0.8838383838383839,,3.4443388713887774e-05,pred_curve
0.1,0.9040404040404041,,3.500107712018743e-05,pred_curve
0.1,0.9242424242424243,,3.555154396811911e-05,pred_curve
0.1,0.9444444444444444,,3.609492862428072e-05,pred_curve
0.1,0.9646464646464648,,3.663136689206866e-05,pred_curve
0.1,0.9848484848484849,,3.716099112483052e-05,pred_curve
0.1,1.0050505050505052,,3.768393033473314e-05,pred_curve
0.1,1.0252525252525253,,3.820031029753395e-05,pred_curve
0.1,1.0454545454545454,,3.871025365343454e-05,pred_curve
0.1,1.0656565656565657,,3.921388000418616e-05,pred_curve
0.1,1.0858585858585859,,3.971130600660865e-05,pred_curve
0.1,1.106060606060606,,4.0202645462676606e-05,pred_curve
0.1,1.1262626262626263,,4.068800940631858e-05,pred_curve
0.1,1.1464646464646466,,4.116750618706863e-05,pred_curve
0.1,1.1666666666666667,,4.1641241550702525e-05,pred_curve
0.1,1.1868686868686869,,4.210931871698464e-05,pred_curve
0.1,1.2070707070707072,,4.257183845464557e-05,pred_curve
0.1,1.2272727272727273,,4.302889915370489e-05,pred_curve
0.1,1.2474747474747474,,4.348059689524821e-05,pred_curve
0.1,1.2676767676767677,,4.3927025518762215e-05,pred_curve
0.1,1.287878787878788,,4.436827668712705e-05,pred_curve
0.1,1.3080808080808082,,4.480443994936044e-05,pred_curve
0.1,1.3282828282828283,,4.523560280120383e-05,pred_curve
0.1,1.3484848484848486,,4.566185074363666e-05,pred_curve
0.1,1.3686868686868687,,4.608326733940085e-05,pred_curve
0.1,1.3888888888888888,,4.649993426761416e-05,pred_curve
0.1,1.4090909090909092,,4.691193137654725e-05,pred_curve
0.1,1.4292929292929295,,4.731933673463609e-05,pred_curve
0.1,1.4494949494949496,,4.772222667979837e-05,pred_curve
0.1,1.4696969696969697,,4.8120675867118924e-05,pred_curve
0.1,1.48989898989899,,4.851475731496722e-05,pred_curve
0.1,1.5101010101010102,,4.8904542449606356e-05,pred_curve
0.1,1.5303030303030305,,4.9290101148351106e-05,pred_curve
0.1,1.5505050505050506,,4.967150178132952e-05,pred_curve
0.1,1.5707070707070707,,5.004881125190076e-05,pred_curve
0.1,1.590909090909091,,5.0422095035779084e-05,pred_curve
0.1,1.6111111111111112,,5.079141721891234e-05,pred_curve
0.1,1.6313131313131315,,5.115684053416072e-05,pred_curve
0.1,1.6515151515151516,,5.1518426396819997e-05,pred_curve
0.1,1.6717171717171717,,5.1876234939031496e-05,pred_curve
0.1,1.691919191919192,,5.2230325043119285e-05,pred_curve
0.1,1.7121212121212122,,5.2580754373893384e-05,pred_curve
0.1,1.7323232323232325,,5.29275794099562e-05,pred_curve
0.1,1.7525252525252526,,5.3270855474047886e-05,pred_curve
0.1,1.772727272727273,,5.361063676246502e-05,pred_curve
0.1,1.792929292929293,,5.3946976373585174e-05,pred_curve
0.1,1.8131313131313131,,5.4279926335529164e-05,pred_curve
0.1,1.8333333333333335,,5.4609537632991104e-05,pred_curve
0.1,1.8535353535353536,,5.49358602332654e-05,pred_curve
0.1,1.873737373737374,,5.525894311149854e-05,pred_curve
0.1,1.893939393939394,,5.557883427519248e-05,pred_curve
0.1,1.9141414141414144,,5.589558078798545e-05,pred_curve
0.1,1.9343434343434345,,5.620922879273485e-05,pred_curve
0.1,1.9545454545454546,,5.651982353392596e-05,pred_curve
0.1,1.974747474747475,,5.6827409379429556e-05,pred_curve
0.1,1.994949494949495,,5.7132029841630016e-05,pred_curve
0.1,2.0151515151515156,,5.7433727597945514e-05,pred_curve
0.1,2.0353535353535355,,5.7732544510760234e-05,pred_curve
0.1,2.0555555555555554,,5.8028521646788354e-05,pred_curve
0.1,2.075757575757576,,5.832169929588857e-05,pred_curve
0.1,2.095959595959596,,5.8612116989347254e-05,pred_curve
0.1,2.1161616161616164,,5.889981351764774e-05,pred_curve
0.1,2.1363636363636367,,5.918482694774238e-05,pred_curve
0.1,2.1565656565656566,,5.946719463984358e-05,pred_curve
0.1,2.176767676767677,,5.974695326374954e-05,pred_curve
0.1,2.1969696969696972,,6.00241388147193e-05,pred_curve
0.1,2.217171717171717,,6.029878662891197e-05,pred_curve
0.1,2.2373737373737375,,6.0570931398403706e-05,pred_curve
0.1,2.257575757575758,,6.084060718579606e-05,pred_curve
0.1,2.2777777777777777,,6.11078474384284e-05,pred_curve
0.1,2.2979797979797985,,6.137268500220716e-05,pred_curve
0.1,2.3181818181818183,,6.163515213506361e-05,pred_curve
0.1,2.3383838383838382,,6.189528052005197e-05,pred_curve
0.1,2.358585858585859,,6.21531012780989e-05,pred_curve
0.1,2.378787878787879,,6.240864498041508e-05,pred_curve
0.1,2.3989898989898992,,6.266194166057967e-05,pred_curve
0.1,2.4191919191919196,,6.291302082630707e-05,pred_curve
0.1,2.4393939393939394,,6.316191147090608e-05,pred_curve
0.1,2.45959595959596,,6.340864208444087e-05,pred_curve
0.1,2.47979797979798,,6.365324066460243e-05,pred_curve
0.1,2.5,,6.38957347272995e-05,pred_curve
0.2,0.5,3.534088428059787e-05,3.0064527843360047e-05,observed
0.2,0.7,4.3504924278371466e-05,4.077649822431718e-05,observed
0.2,0.9,5.06635174719451e-05,5.0839967776415964e-05,observed
0.2,1.1,5.927896061220765e-05,6.031209646403554e-05,observed
0.2,1.3,6.707344837488122e-05,6.924351841585818e-05,observed
0.2,1.5,7.609458477019672e-05,7.767924738286696e-05,observed
0.2,1.7,8.406109833530509e-05,8.565943550845214e-05,observed
0.2,1.9,9.172099777329454e-05,9.322001240643109e-05,observed
0.2,2.1,9.898186395836156e-05,0.00010039322601030703,observed
0.2,2.3,0.0001082674579062,0.0001072081023682985,observed
0.2,2.5,0.0001164557141869,0.00011369083821049119,observed
0.2,0.5,,3.0064527843360047e-05,pred_curve
0.2,0.5202020202020202,,3.117778502468816e-05,pred_curve
0.2,0.5404040404040404,,3.228384265587901e-05,pred_curve
0.2,0.5606060606060606,,3.338277035218889e-05,pred_curve
0.2,0.5808080808080808,,3.447463683424155e-05,pred_curve
0.2,0.601010101010101,,3.5559509942353456e-05,pred_curve
0.2,0.6212121212121212,,3.663745665058461e-05,pred_curve
0.2,0.6414141414141414,,3.7708543080521165e-05,pred_curve
0.2,0.6616161616161617,,3.8772834514795714e-05,pred_curve
0.2,0.6818181818181819,,3.983039541035106e-05,pred_curve
0.2,0.702020202020202,,4.0881289411453126e-05,pred_curve
0.2,0.7222222222222222,,4.192557936245861e-05,pred_curve
0.2,0.7424242424242424,,4.296332732034258e-05,pred_curve
0.2,0.7626262626262627,,4.3994594566991445e-05,pred_curve
0.2,0.7828282828282829,,4.501944162126632e-05,pred_curve
0.2,0.803030303030303,,4.603792825084179e-05,pred_curve
0.2,0.8232323232323233,,4.70501134838249e-05,pred_curve
0.2,0.8434343434343434,,4.8056055620159156e-05,pred_curve
0.2,0.8636363636363636,,4.905581224281823e-05,pred_curve
0.2,0.8838383838383839,,5.0049440228793735e-05,pred_curve
0.2,0.9040404040404041,,5.103699575988152e-05,pred_curve
0.2,0.9242424242424243,,5.201853433327092e-05,pred_curve
0.2,0.9444444444444444,,5.2994110771940924e-05,pred_curve
0.2,0.9646464646464648,,5.3963779234867575e-05,pred_curve
0.2,0.9848484848484849,,5.4927593227046355e-05,pred_curve
0.2,1.0050505050505052,,5.588560560933376e-05,pred_curve
0.2,1.0252525252525253,,5.683786860811146e-05,pred_curve
0.2,1.0454545454545454,,5.778443382477725e-05,pred_curve
0.2,1.0656565656565657,,5.872535224506589e-05,pred_curve
0.2,1.0858585858585859,,5.9660674248203806e-05,pred_curve
0.2,1.106060606060606,,6.059044961590082e-05,pred_curve
0.2,1.1262626262626263,,6.151472754118249e-05,pred_curve
0.2,1.1464646464646466,,6.243355663706609e-05,pred_curve
0.2,1.1666666666666667,,6.334698494508377e-05,pred_curve
0.2,1.1868686868686869,,6.425505994365575e-05,pred_curve
0.2,1.2070707070707072,,6.515782855631676e-05,pred_curve
0.2,1.2272727272727273,,6.605533715979867e-05,pred_curve
0.2,1.2474747474747474,,6.69476315919723e-05,pred_curve
0.2,1.2676767676767677,,6.783475715965114e-05,pred_curve
0.2,1.287878787878788,,6.871675864625989e-05,pred_curve
0.2,1.3080808080808082,,6.95936803193705e-05,pred_curve
0.2,1.3282828282828283,,7.04655659381084e-05,pred_curve
0.2,1.3484848484848486,,7.133245876043142e-05,pred_curve
0.2,1.3686868686868687,,7.219440155028407e-05,pred_curve
0.2,1.3888888888888888,,7.30514365846296e-05,pred_curve
0.2,1.4090909090909092,,7.390360566036243e-05,pred_curve
0.2,1.4292929292929295,,7.475095010110273e-05,pred_curve
0.2,1.4494949494949496,,7.559351076387657e-05,pred_curve
0.2,1.4696969696969697,,7.64313280456827e-05,pred_curve
0.2,1.48989898989899,,7.726444188994896e-05,pred_curve
0.2,1.5101010101010102,,7.809289179288033e-05,pred_curve
0.2,1.5303030303030305,,7.891671680970045e-05,pred_curve
0.2,1.5505050505050506,,7.973595556078911e-05,pred_curve
0.2,1.5707070707070707,,8.05506462377174e-05,pred_curve
0.2,1.590909090909091,,8.13608266091827e-05,pred_curve
0.2,1.6111111111111112,,8.216653402684515e-05,pred_curve
0.2,1.6313131313131315,,8.296780543106817e-05,pred_curve
0.2,1.6515151515151516,,8.376467735656394e-05,pred_curve
0.2,1.6717171717171717,,8.455718593794643e-05,pred_curve
0.2,1.691919191919192,,8.534536691519338e-05,pred_curve
0.2,1.7121212121212122,,8.612925563901899e-05,pred_curve
0.2,1.7323232323232325,,8.690888707615921e-05,pred_curve
0.2,1.7525252525252526,,8.7684295814571e-05,pred_curve
0.2,1.772727272727273,,8.845551606854752e-05,pred_curve
0.2,1.792929292929293,,8.922258168375033e-05,pred_curve
0.2,1.8131313131313131,,8.99855261421609e-05,pred_curve
0.2,1.8333333333333335,,9.074438256695225e-05,pred_curve
0.2,1.8535353535353536,,9.149918372728249e-05,pred_curve
0.2,1.873737373737374,,9.224996204301183e-05,pred_curve
0.2,1.893939393939394,,9.299674958934432e-05,pred_curve
0.2,1.9141414141414144,,9.37395781013958e-05,pred_curve
0.2,1.9343434343434345,,9.447847897868931e-05,pred_curve
0.2,1.9545454545454546,,9.521348328957944e-05,pred_curve
0.2,1.974747474747475,,9.594462177560689e-05,pred_curve
0.2,1.994949494949495,,9.667192485578433e-05,pred_curve
0.2,2.0151515151515156,,9.739542263081547e-05,pred_curve
0.2,2.0353535353535355,,9.811514488724728e-05,pred_curve
0.2,2.0555555555555554,,9.883112110155821e-05,pred_curve
0.2,2.075757575757576,,9.954338044418221e-05,pred_curve
0.2,2.095959595959596,,0.00010025195178347032,pred_curve
0.2,2.1161616161616164,,0.0001009568636895911,pred_curve
0.2,2.1363636363636367,,0.00010165814443837059,pred_curve
0.2,2.1565656565656566,,0.00010235582201507304,pred_curve
0.2,2.176767676767677,,0.00010304992411812384,pred_curve
0.2,2.1969696969696972,,0.00010374047816277479,pred_curve
0.2,2.217171717171717,,0.00010442751128471392,pred_curve
0.2,2.2373737373737375,,0.00010511105034361982,pred_curve
0.2,2.257575757575758,,0.00010579112192666202,pred_curve
0.2,2.2777777777777777,,0.00010646775235194829,pred_curve
0.2,2.2979797979797985,,0.00010714096767191958,pred_curve
0.2,2.3181818181818183,,0.00010781079367669385,pred_curve
0.2,2.3383838383838382,,0.00010847725589735943,pred_curve
0.2,2.358585858585859,,0.00010914037960921895,pred_curve
0.2,2.378787878787879,,0.00010980018983498451,pred_curve
0.2,2.3989898989898992,,0.00011045671134792531,pred_curve
0.2,2.4191919191919196,,0.00011110996867496807,pred_curve
0.2,2.4393939393939394,,0.00011175998609975144,pred_curve
0.2,2.45959595959596,,0.0001124067876656352,pred_curve
0.2,2.47979797979798,,0.00011305039717866457,pred_curve
0.2,2.5,,0.00011369083821049119,pred_curve
0.3,0.5,4.209345781992477e-05,3.5502724762802114e-05,observed
0.3,0.7,5.2521593022664145e-05,4.903293229911316e-05,observed
0.3,0.9,6.392585427242329e-05,6.22027534423972e-05,observed
0.3,1.1,7.420102570619462e-05,7.502639766269197e-05,observed
0.3,1.3,8.558100594701405e-05,8.751733711100049e-05,observed
0.3,1.5,9.609190003534709e-05,9.968835383053541e-05,observed
0.3,1.7,0.000109500182909,0.0001115515833862539,observed
0.3,1.9,0.0001197038415393,0.00012311855522574133,observed
0.3,2.1,0.000134426601507,0.00013440023005361615,observed
0.3,2.3,0.0001481516557275,0.0001454070344741278,observed
0.3,2.5,0.0001582262796009,0.0001561488931321001,observed
0.3,0.5,,3.5502724762802114e-05,pred_curve
0.3,0.5202020202020202,,3.688619976752184e-05,pred_curve
0.3,0.5404040404040404,,3.826586125376789e-05,pred_curve
0.3,0.5606060606060606,,3.9641724967658255e-05,pred_curve
0.3,0.5808080808080808,,4.101380656874192e-05,pred_curve
0.3,0.601010101010101,,4.2382121630592915e-05,pred_curve
0.3,0.6212121212121212,,4.3746685641399556e-05,pred_curve
0.3,0.6414141414141414,,4.5107514004548885e-05,pred_curve
0.3,0.6616161616161617,,4.646462203920618e-05,pred_curve
0.3,0.6818181818181819,,4.781802498088985e-05,pred_curve
0.3,0.702020202020202,,4.9167737982041523e-05,pred_curve
0.3,0.7222222222222222,,5.051377611259163e-05,pred_curve
0.3,0.7424242424242424,,5.185615436052014e-05,pred_curve
0.3,0.7626262626262627,,5.3194887632412965e-05,pred_curve
0.3,0.7828282828282829,,5.4529990754013694e-05,pred_curve
0.3,0.803030303030303,,5.5861478470770924e-05,pred_curve
0.3,0.8232323232323233,,5.718936544838105e-05,pred_curve
0.3,0.8434343434343434,,5.851366627332678e-05,pred_curve
0.3,0.8636363636363636,,5.9834395453411204e-05,pred_curve
0.3,0.8838383838383839,,6.115156741828759e-05,pred_curve
0.3,0.9040404040404041,,6.246519651998486e-05,pred_curve
0.3,0.9242424242424243,,6.377529703342899e-05,pred_curve
0.3,0.9444444444444444,,6.508188315695984e-05,pred_curve
0.3,0.9646464646464648,,6.638496901284436e-05,pred_curve
0.3,0.9848484848484849,,6.768456864778522e-05,pred_curve
0.3,1.0050505050505052,,6.898069603342554e-05,pred_curve
0.3,1.0252525252525253,,7.027336506684968e-05,pred_curve
0.3,1.0454545454545454,,7.156258957107985e-05,pred_curve
0.3,1.0656565656565657,,7.284838329556889e-05,pred_curve
0.3,1.0858585858585859,,7.41307599166889e-05,pred_curve
0.3,1.106060606060606,,7.540973303821637e-05,pred_curve
0.3,1.1262626262626263,,7.668531619181309e-05,pred_curve
0.3,1.1464646464646466,,7.79575228375034e-05,pred_curve
0.3,1.1666666666666667,,7.922636636414757e-05,pred_curve
0.3,1.1868686868686869,,8.049186008991164e-05,pred_curve
0.3,1.2070707070707072,,8.175401726273325e-05,pred_curve
0.3,1.2272727272727273,,8.301285106078396e-05,pred_curve
0.3,1.2474747474747474,,8.426837459292799e-05,pred_curve
0.3,1.2676767676767677,,8.552060089917721e-05,pred_curve
0.3,1.287878787878788,,8.676954295114246e-05,pred_curve
0.3,1.3080808080808082,,8.801521365248161e-05,pred_curve
0.3,1.3282828282828283,,8.9257625839344e-05,pred_curve
0.3,1.3484848484848486,,9.049679228081113e-05,pred_curve
0.3,1.3686868686868687,,9.17327256793343e-05,pred_curve
0.3,1.3888888888888888,,9.29654386711686e-05,pred_curve
0.3,1.4090909090909092,,9.419494382680356e-05,pred_curve
0.3,1.4292929292929295,,9.542125365139041e-05,pred_curve
0.3,1.4494949494949496,,9.6644380585166e-05,pred_curve
0.3,1.4696969696969697,,9.786433700387363e-05,pred_curve
0.3,1.48989898989899,,9.908113521918034e-05,pred_curve
0.3,1.5101010101010102,,0.00010029478747909104,pred_curve
0.3,1.5303030303030305,,0.00010150530596835956,pred_curve
0.3,1.5505050505050506,,0.00010271270280889635,pred_curve
0.3,1.5707070707070707,,0.00010391699006017311,pred_curve
0.3,1.590909090909091,,0.00010511817971962435,pred_curve
0.3,1.6111111111111112,,0.00010631628372304573,pred_curve
0.3,1.6313131313131315,,0.00010751131394498944,pred_curve
0.3,1.6515151515151516,,0.00010870328219915653,pred_curve
0.3,1.6717171717171717,,0.00010989220023878615,pred_curve
0.3,1.691919191919192,,0.00011107807975704183,pred_curve
0.3,1.7121212121212122,,0.0001122609323873949,pred_curve
0.3,1.7323232323232325,,0.00011344076970400492,pred_curve
0.3,1.7525252525252526,,0.00011461760322209707,pred_curve
0.3,1.772727272727273,,0.00011579144439833695,pred_curve
0.3,1.792929292929293,,0.00011696230463120222,pred_curve
0.3,1.8131313131313131,,0.00011813019526135157,pred_curve
0.3,1.8333333333333335,,0.00011929512757199094,pred_curve
0.3,1.8535353535353536,,0.0001204571127892368,pred_curve
0.3,1.873737373737374,,0.00012161616208247688,pred_curve
0.3,1.893939393939394,,0.0001227722865647279,pred_curve
0.3,1.9141414141414144,,0.00012392549729299077,pred_curve
0.3,1.9343434343434345,,0.00012507580526860325,pred_curve
0.3,1.9545454545454546,,0.0001262232214375896,pred_curve
0.3,1.974747474747475,,0.0001273677566910079,pred_curve
0.3,1.994949494949495,,0.0001285094218652945,pred_curve
0.3,2.0151515151515156,,0.00012964822774260616,pred_curve
0.3,2.0353535353535355,,0.00013078418505115943,pred_curve
0.3,2.0555555555555554,,0.0001319173044655675,pred_curve
0.3,2.075757575757576,,0.00013304759660717473,pred_curve
0.3,2.095959595959596,,0.00013417507204438814,pred_curve
0.3,2.1161616161616164,,0.00013529974129300736,pred_curve
0.3,2.1363636363636367,,0.000136421614816551,pred_curve
0.3,2.1565656565656566,,0.00013754070302658157,pred_curve
0.3,2.176767676767677,,0.0001386570162830273,pred_curve
0.3,2.1969696969696972,,0.000139770564894502,pred_curve
0.3,2.217171717171717,,0.0001408813591186222,pred_curve
0.3,2.2373737373737375,,0.00014198940916232232,pred_curve
0.3,2.257575757575758,,0.00014309472518216727,pred_curve
0.3,2.2777777777777777,,0.00014419731728466253,pred_curve
0.3,2.2979797979797985,,0.0001452971955265625,pred_curve
0.3,2.3181818181818183,,0.00014639436991517607,pred_curve
0.3,2.3383838383838382,,0.00014748885040867022,pred_curve
0.3,2.358585858585859,,0.00014858064691637132,pred_curve
0.3,2.378787878787879,,0.00014966976929906397,pred_curve
0.3,2.3989898989898992,,0.00015075622736928818,pred_curve
0.3,2.4191919191919196,,0.00015184003089163388,pred_curve
0.3,2.4393939393939394,,0.00015292118958303336,pred_curve
0.3,2.45959595959596,,0.00015399971311305208,pred_curve
0.3,2.47979797979798,,0.0001550756111041764,pred_curve
0.3,2.5,,0.0001561488931321001,pred_curve
0.4,0.5,4.591067992661623e-05,3.9532772683139504e-05,observed
0.4,0.7,5.839957954228234e-05,5.5039967185920755e-05,observed
0.4,0.9,7.148945962372418e-05,7.037667746146452e-05,observed
0.4,1.1,8.454038653276584e-05,8.554569956459384e-05,observed
0.4,1.3,9.929534591504746e-05,0.00010054976873969503,observed
0.4,1.5,0.0001132572667721,0.00011539156106495919,observed
0.4,1.7,0.0001268105016102,0.00013007369504356093,observed
0.4,1.9,0.0001427944289594,0.0001445987331437609,observed
0.4,2.1,0.000158186521869,0.00015896918328983547,observed
0.4,2.3,0.0001750556154654,0.0001731875003056546,observed
0.4,2.5,0.0001896336231887,0.00018725608731265416,observed
0.4,0.5,,3.9532772683139504e-05,pred_curve
0.4,0.5202020202020202,,4.110697820550264e-05,pred_curve
0.4,0.5404040404040404,,4.267941813379993e-05,pred_curve
0.4,0.5606060606060606,,4.42500954367434e-05,pred_curve
0.4,0.5808080808080808,,4.5819013076393256e-05,pred_curve
0.4,0.601010101010101,,4.738617400817645e-05,pred_curve
0.4,0.6212121212121212,,4.895158118090533e-05,pred_curve
0.4,0.6414141414141414,,5.051523753679609e-05,pred_curve
0.4,0.6616161616161617,,5.2077146011487165e-05,pred_curve
0.4,0.6818181818181819,,5.363730953405773e-05,pred_curve
0.4,0.702020202020202,,5.519573102704585e-05,pred_curve
0.4,0.7222222222222222,,5.675241340646682e-05,pred_curve
0.4,0.7424242424242424,,5.830735958183137e-05,pred_curve
0.4,0.7626262626262627,,5.9860572456163716e-05,pred_curve
0.4,0.7828282828282829,,6.141205492601967e-05,pred_curve
0.4,0.803030303030303,,6.296180988150467e-05,pred_curve
0.4,0.8232323232323233,,6.45098402062917e-05,pred_curve
0.4,0.8434343434343434,,6.60561487776391e-05,pred_curve
0.4,0.8636363636363636,,6.76007384664086e-05,pred_curve
0.4,0.8838383838383839,,6.914361213708283e-05,pred_curve
0.4,0.9040404040404041,,7.068477264778323e-05,pred_curve
0.4,0.9242424242424243,,7.222422285028759e-05,pred_curve
0.4,0.9444444444444444,,7.376196559004762e-05,pred_curve
0.4,0.9646464646464648,,7.529800370620664e-05,pred_curve
0.4,0.9848484848484849,,7.683234003161689e-05,pred_curve
0.4,1.0050505050505052,,7.836497739285695e-05,pred_curve
0.4,1.0252525252525253,,7.989591861024921e-05,pred_curve
0.4,1.0454545454545454,,8.14251664978771e-05,pred_curve
0.4,1.0656565656565657,,8.295272386360232e-05,pred_curve
0.4,1.0858585858585859,,8.447859350908202e-05,pred_curve
0.4,1.106060606060606,,8.600277822978604e-05,pred_curve
0.4,1.1262626262626263,,8.752528081501379e-05,pred_curve
0.4,1.1464646464646466,,8.904610404791143e-05,pred_curve
0.4,1.1666666666666667,,9.056525070548876e-05,pred_curve
0.4,1.1868686868686869,,9.208272355863605e-05,pred_curve
0.4,1.2070707070707072,,9.359852537214116e-05,pred_curve
0.4,1.2272727272727273,,9.51126589047059e-05,pred_curve
0.4,1.2474747474747474,,9.662512690896315e-05,pred_curve
0.4,1.2676767676767677,,9.81359321314934e-05,pred_curve
0.4,1.287878787878788,,9.964507731284131e-05,pred_curve
0.4,1.3080808080808082,,0.00010115256518753232,pred_curve
0.4,1.3282828282828283,,0.00010265839848408929,pred_curve
0.4,1.3484848484848486,,0.00010416257992504875,pred_curve
0.4,1.3686868686868687,,0.0001056651122269775,pred_curve
0.4,1.3888888888888888,,0.0001071659981004888,pred_curve
0.4,1.4090909090909092,,0.00010866524025025885,pred_curve
0.4,1.4292929292929295,,0.00011016284137504283,pred_curve
0.4,1.4494949494949496,,0.00011165880416769128,pred_curve
0.4,1.4696969696969697,,0.0001131531313151661,pred_curve
0.4,1.48989898989899,,0.00011464582549855678,pred_curve
0.4,1.5101010101010102,,0.00011613688939309627,pred_curve
0.4,1.5303030303030305,,0.0001176263256681771,pred_curve
0.4,1.5505050505050506,,0.00011911413698736715,pred_curve
0.4,1.5707070707070707,,0.00012060032600842584,pred_curve
0.4,1.590909090909091,,0.00012208489538331952,pred_curve
0.4,1.6111111111111112,,0.0001235678477582376,pred_curve
0.4,1.6313131313131315,,0.00012504918577360815,pred_curve
0.4,1.6515151515151516,,0.00012652891206411346,pred_curve
0.4,1.6717171717171717,,0.00012800702925870583,pred_curve
0.4,1.691919191919192,,0.0001294835399806232,pred_curve
0.4,1.7121212121212122,,0.00013095844684740427,pred_curve
0.4,1.7323232323232325,,0.0001324317524709045,pred_curve
0.4,1.7525252525252526,,0.0001339034594573111,pred_curve
0.4,1.772727272727273,,0.00013537357040715865,pred_curve
0.4,1.792929292929293,,0.00013684208791534425,pred_curve
0.4,1.8131313131313131,,0.00013830901457114296,pred_curve
0.4,1.8333333333333335,,0.0001397743529582229,pred_curve
0.4,1.8535353535353536,,0.00014123810565466047,pred_curve
0.4,1.873737373737374,,0.00014270027523295535,pred_curve
0.4,1.893939393939394,,0.00014416086426004577,pred_curve
0.4,1.9141414141414144,,0.0001456198752973234,pred_curve
0.4,1.9343434343434345,,0.00014707731090064829,pred_curve
0.4,1.9545454545454546,,0.0001485331736203639,pred_curve
0.4,1.974747474747475,,0.000149987466001312,pred_curve
0.4,1.994949494949495,,0.00015144019058284727,pred_curve
0.4,2.0151515151515156,,0.00015289134989885243,pred_curve
0.4,2.0353535353535355,,0.00015434094647775263,pred_curve
0.4,2.0555555555555554,,0.00015578898284253028,pred_curve
0.4,2.075757575757576,,0.00015723546151073987,pred_curve
0.4,2.095959595959596,,0.00015868038499452218,pred_curve
0.4,2.1161616161616164,,0.0001601237558006191,pred_curve
0.4,2.1363636363636367,,0.00016156557643038808,pred_curve
0.4,2.1565656565656566,,0.00016300584937981656,pred_curve
0.4,2.176767676767677,,0.0001644445771395363,pred_curve
0.4,2.1969696969696972,,0.00016588176219483786,pred_curve
0.4,2.217171717171717,,0.0001673174070256848,pred_curve
0.4,2.2373737373737375,,0.00016875151410672803,pred_curve
0.4,2.257575757575758,,0.00017018408590732003,pred_curve
0.4,2.2777777777777777,,0.00017161512489152888,pred_curve
0.4,2.2979797979797985,,0.00017304463351815262,pred_curve
0.4,2.3181818181818183,,0.00017447261424073307,pred_curve
0.4,2.3383838383838382,,0.00017589906950757022,pred_curve
0.4,2.358585858585859,,0.00017732400176173578,pred_curve
0.4,2.378787878787879,,0.00017874741344108745,pred_curve
0.4,2.3989898989898992,,0.00018016930697828276,pred_curve
0.4,2.4191919191919196,,0.00018158968480079285,pred_curve
0.4,2.4393939393939394,,0.0001830085493309163,pred_curve
0.4,2.45959595959596,,0.000184425902985793,pred_curve
0.4,2.47979797979798,,0.0001858417481774178,pred_curve
0.4,2.5,,0.00018725608731265416,pred_curve
0.5,0.5,4.833230726754925e-05,4.247738281645728e-05,observed
0.5,0.7,6.1687657061471e-05,5.943072713663929e-05,observed
0.5,0.9,7.664638525921014e-05,7.636264183169494e-05,observed
0.5,1.1,9.08243511056709e-05,9.327316750766339e-05,observed
0.5,1.3,0.0001078000397662,0.00011016234466805845,observed
0.5,1.5,0.0001237186241784,0.00012703021371419202,observed
0.5,1.7,0.0001416124790081,0.0001438768149454962,observed
0.5,1.9,0.0001595505314547,0.00016070218855984407,observed
0.5,2.1,0.0001762808372902,0.0001775063746538698,observed
0.5,2.3,0.0001952531466086,0.00019428941322328672,observed
0.5,2.5,0.000216102223467,0.00021105134416320496,observed
0.5,0.5,,4.247738281645728e-05,pred_curve
0.5,0.5202020202020202,,4.419081598850043e-05,pred_curve
0.5,0.5404040404040404,,4.590403013994547e-05,pred_curve
0.5,0.5606060606060606,,4.761702531278438e-05,pred_curve
0.5,0.5808080808080808,,4.932980154899841e-05,pred_curve
0.5,0.601010101010101,,5.1042358890558036e-05,pred_curve
0.5,0.6212121212121212,,5.275469737942305e-05,pred_curve
0.5,0.6414141414141414,,5.4466817057542524e-05,pred_curve
0.5,0.6616161616161617,,5.617871796685479e-05,pred_curve
0.5,0.6818181818181819,,5.789040014928744e-05,pred_curve
0.5,0.702020202020202,,5.9601863646757375e-05,pred_curve
0.5,0.7222222222222222,,6.131310850117084e-05,pred_curve
0.5,0.7424242424242424,,6.302413475442329e-05,pred_curve
0.5,0.7626262626262627,,6.47349424483995e-05,pred_curve
0.5,0.7828282828282829,,6.644553162497357e-05,pred_curve
0.5,0.803030303030303,,6.815590232600889e-05,pred_curve
0.5,0.8232323232323233,,6.986605459335817e-05,pred_curve
0.5,0.8434343434343434,,7.157598846886339e-05,pred_curve
0.5,0.8636363636363636,,7.328570399435588e-05,pred_curve
0.5,0.8838383838383839,,7.499520121165629e-05,pred_curve
0.5,0.9040404040404041,,7.670448016257454e-05,pred_curve
0.5,0.9242424242424243,,7.841354088890998e-05,pred_curve
0.5,0.9444444444444444,,8.012238343245116e-05,pred_curve
0.5,0.9646464646464648,,8.183100783497607e-05,pred_curve
0.5,0.9848484848484849,,8.353941413825196e-05,pred_curve
0.5,1.0050505050505052,,8.524760238403545e-05,pred_curve
0.5,1.0252525252525253,,8.695557261407247e-05,pred_curve
0.5,1.0454545454545454,,8.866332487009834e-05,pred_curve
0.5,1.0656565656565657,,9.037085919383774e-05,pred_curve
0.5,1.0858585858585859,,9.207817562700462e-05,pred_curve
0.5,1.106060606060606,,9.378527421130237e-05,pred_curve
0.5,1.1262626262626263,,9.549215498842369e-05,pred_curve
0.5,1.1464646464646466,,9.719881800005067e-05,pred_curve
0.5,1.1666666666666667,,9.89052632878547e-05,pred_curve
0.5,1.1868686868686869,,0.00010061149089349659,pred_curve
0.5,1.2070707070707072,,0.00010231750085862659,pred_curve
0.5,1.2272727272727273,,0.00010402329322488421,pred_curve
0.5,1.2474747474747474,,0.00010572886803389837,pred_curve
0.5,1.2676767676767677,,0.00010743422532728743,pred_curve
0.5,1.287878787878788,,0.00010913936514665904,pred_curve
0.5,1.3080808080808082,,0.0001108442875336103,pred_curve
0.5,1.3282828282828283,,0.00011254899252972772,pred_curve
0.5,1.3484848484848486,,0.00011425348017658715,pred_curve
0.5,1.3686868686868687,,0.00011595775051575389,pred_curve
0.5,1.3888888888888888,,0.00011766180358878255,pred_curve
0.5,1.4090909090909092,,0.00011936563943721732,pred_curve
0.5,1.4292929292929295,,0.00012106925810259163,pred_curve
0.5,1.4494949494949496,,0.00012277265962642837,pred_curve
0.5,1.4696969696969697,,0.0001244758440502399,pred_curve
0.5,1.48989898989899,,0.00012617881141552793,pred_curve
0.5,1.5101010101010102,,0.00012788156176378362,pred_curve
0.5,1.5303030303030305,,0.0001295840951364876,pred_curve
0.5,1.5505050505050506,,0.00013128641157510987,pred_curve
0.5,1.5707070707070707,,0.00013298851112110985,pred_curve
0.5,1.590909090909091,,0.00013469039381593643,pred_curve
0.5,1.6111111111111112,,0.00013639205970102794,pred_curve
0.5,1.6313131313131315,,0.0001380935088178122,pred_curve
0.5,1.6515151515151516,,0.00013979474120770635,pred_curve
0.5,1.6717171717171717,,0.00014149575691211708,pred_curve
0.5,1.691919191919192,,0.00014319655597244053,pred_curve
0.5,1.7121212121212122,,0.00014489713843006226,pred_curve
0.5,1.7323232323232325,,0.00014659750432635725,pred_curve
0.5,1.7525252525252526,,0.00014829765370269008,pred_curve
0.5,1.772727272727273,,0.00014999758660041467,pred_curve
0.5,1.792929292929293,,0.0001516973030608744,pred_curve
0.5,1.8131313131313131,,0.00015339680312540223,pred_curve
0.5,1.8333333333333335,,0.00015509608683532058,pred_curve
0.5,1.8535353535353536,,0.00015679515423194123,pred_curve
0.5,1.873737373737374,,0.00015849400535656552,pred_curve
0.5,1.893939393939394,,0.00016019264025048433,pred_curve
0.5,1.9141414141414144,,0.00016189105895497797,pred_curve
0.5,1.9343434343434345,,0.00016358926151131622,pred_curve
0.5,1.9545454545454546,,0.00016528724796075842,pred_curve
0.5,1.974747474747475,,0.00016698501834455336,pred_curve
0.5,1.994949494949495,,0.00016868257270393933,pred_curve
0.5,2.0151515151515156,,0.00017037991108014418,pred_curve
0.5,2.0353535353535355,,0.00017207703351438517,pred_curve
0.5,2.0555555555555554,,0.00017377394004786925,pred_curve
0.5,2.075757575757576,,0.00017547063072179272,pred_curve
0.5,2.095959595959596,,0.00017716710557734143,pred_curve
0.5,2.1161616161616164,,0.0001788633646556908,pred_curve
0.5,2.1363636363636367,,0.00018055940799800572,pred_curve
0.5,2.1565656565656566,,0.00018225523564544067,pred_curve
0.5,2.176767676767677,,0.00018395084763913968,pred_curve
0.5,2.1969696969696972,,0.00018564624402023623,pred_curve
0.5,2.217171717171717,,0.00018734142482985336,pred_curve
0.5,2.2373737373737375,,0.00018903639010910375,pred_curve
0.5,2.257575757575758,,0.0001907311398990895,pred_curve
0.5,2.2777777777777777,,0.00019242567424090218,pred_curve
0.5,2.2979797979797985,,0.00019411999317562337,pred_curve
0.5,2.3181818181818183,,0.00019581409674432356,pred_curve
0.5,2.3383838383838382,,0.00019750798498806329,pred_curve
0.5,2.358585858585859,,0.00019920165794789252,pred_curve
0.5,2.378787878787879,,0.00020089511566485062,pred_curve
0.5,2.3989898989898992,,0.00020258835817996674,pred_curve
0.5,2.4191919191919196,,0.00020428138553425944,pred_curve
0.5,2.4393939393939394,,0.00020597419776873703,pred_curve
0.5,2.45959595959596,,0.00020766679492439737,pred_curve
0.5,2.47979797979798,,0.0002093591770422277,pred_curve
0.5,2.5,,0.00021105134416320496,pred_curve
0.6,0.5,4.879760102743265e-05,4.6096416205162315e-05,observed
0.6,0.7,6.443378957540591e-05,6.451700113417827e-05,observed
0.6,0.9,8.020117321650188e-05,8.29273237699288e-05,observed
0.6,1.1,9.74067881129772e-05,0.00010132739268586598,observed
0.6,1.3,0.0001135422231729,0.00011971721644589454,observed
0.6,1.5,0.0001323202725759,0.00013809680360438514,observed
0.6,1.7,0.0001518231530984,0.0001564661627061875,observed
0.6,1.9,0.0001725402224739,0.00017482530228664388,observed
0.6,2.1,0.0001939266934044,0.00019317423087160198,observed
0.6,2.3,0.0002144666606128,0.00021151295697742847,observed
0.6,2.5,0.0002403493322286,0.00022984148911102197,observed
0.6,0.5,,4.6096416205162315e-05,pred_curve
0.6,0.5202020202020202,,4.795754754045261e-05,pred_curve
0.6,0.5404040404040404,,4.981857409043443e-05,pred_curve
0.6,0.5606060606060606,,5.1679495863956955e-05,pred_curve
0.6,0.5808080808080808,,5.354031286986836e-05,pred_curve
0.6,0.601010101010101,,5.540102511701584e-05,pred_curve
0.6,0.6212121212121212,,5.726163261424558e-05,pred_curve
0.6,0.6414141414141414,,5.912213537040276e-05,pred_curve
0.6,0.6616161616161617,,6.0982533394331565e-05,pred_curve
0.6,0.6818181818181819,,6.284282669487521e-05,pred_curve
0.6,0.702020202020202,,6.470301528087588e-05,pred_curve
0.6,0.7222222222222222,,6.656309916117483e-05,pred_curve
0.6,0.7424242424242424,,6.842307834461223e-05,pred_curve
0.6,0.7626262626262627,,7.028295284002733e-05,pred_curve
0.6,0.7828282828282829,,7.214272265625831e-05,pred_curve
0.6,0.803030303030303,,7.400238780214242e-05,pred_curve
0.6,0.8232323232323233,,7.58619482865159e-05,pred_curve
0.6,0.8434343434343434,,7.772140411821399e-05,pred_curve
0.6,0.8636363636363636,,7.958075530607094e-05,pred_curve
0.6,0.8838383838383839,,8.144000185891997e-05,pred_curve
0.6,0.9040404040404041,,8.329914378559334e-05,pred_curve
0.6,0.9242424242424243,,8.515818109492233e-05,pred_curve
0.6,0.9444444444444444,,8.70171137957372e-05,pred_curve
0.6,0.9646464646464648,,8.887594189686726e-05,pred_curve
0.6,0.9848484848484849,,9.073466540714071e-05,pred_curve
0.6,1.0050505050505052,,9.259328433538492e-05,pred_curve
0.6,1.0252525252525253,,9.445179869042611e-05,pred_curve
0.6,1.0454545454545454,,9.631020848108963e-05,pred_curve
0.6,1.0656565656565657,,9.81685137161998e-05,pred_curve
0.6,1.0858585858585859,,0.00010002671440457988,pred_curve
0.6,1.106060606060606,,0.00010188481055505225,pred_curve
0.6,1.1262626262626263,,0.0001037428021764382,pred_curve
0.6,1.1464646464646466,,0.0001056006892775581,pred_curve
0.6,1.1666666666666667,,0.00010745847186723124,pred_curve
0.6,1.1868686868686869,,0.00010931614995427603,pred_curve
0.6,1.2070707070707072,,0.00011117372354750978,pred_curve
0.6,1.2272727272727273,,0.00011303119265574891,pred_curve
0.6,1.2474747474747474,,0.00011488855728780874,pred_curve
0.6,1.2676767676767677,,0.0001167458174525037,pred_curve
0.6,1.287878787878788,,0.00011860297315864719,pred_curve
0.6,1.3080808080808082,,0.00012046002441505156,pred_curve
0.6,1.3282828282828283,,0.00012231697123052824,pred_curve
0.6,1.3484848484848486,,0.00012417381361388773,pred_curve
0.6,1.3686868686868687,,0.00012603055157393934,pred_curve
0.6,1.3888888888888888,,0.00012788718511949154,pred_curve
0.6,1.4090909090909092,,0.00012974371425935184,pred_curve
0.6,1.4292929292929295,,0.00013160013900232663,pred_curve
0.6,1.4494949494949496,,0.0001334564593572214,pred_curve
0.6,1.4696969696969697,,0.0001353126753328406,pred_curve
0.6,1.48989898989899,,0.00013716878693798777,pred_curve
0.6,1.5101010101010102,,0.00013902479418146537,pred_curve
0.6,1.5303030303030305,,0.00014088069707207491,pred_curve
0.6,1.5505050505050506,,0.0001427364956186169,pred_curve
0.6,1.5707070707070707,,0.00014459218982989085,pred_curve
0.6,1.590909090909091,,0.0001464477797146954,pred_curve
0.6,1.6111111111111112,,0.000148303265281828,pred_curve
0.6,1.6313131313131315,,0.00015015864654008523,pred_curve
0.6,1.6515151515151516,,0.0001520139234982626,pred_curve
0.6,1.6717171717171717,,0.0001538690961651548,pred_curve
0.6,1.691919191919192,,0.00015572416454955537,pred_curve
0.6,1.7121212121212122,,0.00015757912866025693,pred_curve
0.6,1.7323232323232325,,0.00015943398850605108,pred_curve
0.6,1.7525252525252526,,0.00016128874409572847,pred_curve
0.6,1.772727272727273,,0.00016314339543807866,pred_curve
0.6,1.792929292929293,,0.00016499794254189044,pred_curve
0.6,1.8131313131313131,,0.00016685238541595132,pred_curve
0.6,1.8333333333333335,,0.00016870672406904815,pred_curve
0.6,1.8535353535353536,,0.00017056095850996643,pred_curve
0.6,1.873737373737374,,0.000172415088747491,pred_curve
0.6,1.893939393939394,,0.00017426911479040546,pred_curve
0.6,1.9141414141414144,,0.00017612303664749267,pred_curve
0.6,1.9343434343434345,,0.00017797685432753425,pred_curve
0.6,1.9545454545454546,,0.000179830567839311,pred_curve
0.6,1.974747474747475,,0.0001816841771916027,pred_curve
0.6,1.994949494949495,,0.0001835376823931881,pred_curve
0.6,2.0151515151515156,,0.000185391083452845,pred_curve
0.6,2.0353535353535355,,0.00018724438037935024,pred_curve
0.6,2.0555555555555554,,0.00018909757318147952,pred_curve
0.6,2.075757575757576,,0.00019095066186800794,pred_curve
0.6,2.095959595959596,,0.00019280364644770902,pred_curve
0.6,2.1161616161616164,,0.00019465652692935584,pred_curve
0.6,2.1363636363636367,,0.00019650930332172018,pred_curve
0.6,2.1565656565656566,,0.00019836197563357293,pred_curve
0.6,2.176767676767677,,0.0002002145438736841,pred_curve
0.6,2.1969696969696972,,0.00020206700805082246,pred_curve
0.6,2.217171717171717,,0.00020391936817375602,pred_curve
0.6,2.2373737373737375,,0.00020577162425125176,pred_curve
0.6,2.257575757575758,,0.00020762377629207564,pred_curve
0.6,2.2777777777777777,,0.00020947582430499255,pred_curve
0.6,2.2979797979797985,,0.00021132776829876663,pred_curve
0.6,2.3181818181818183,,0.00021317960828216072,pred_curve
0.6,2.3383838383838382,,0.00021503134426393696,pred_curve
0.6,2.358585858585859,,0.00021688297625285642,pred_curve
0.6,2.378787878787879,,0.000218734504257679,pred_curve
0.6,2.3989898989898992,,0.00022058592828716396,pred_curve
0.6,2.4191919191919196,,0.00022243724835006932,pred_curve
0.6,2.4393939393939394,,0.00022428846445515216,pred_curve
0.6,2.45959595959596,,0.0002261395766111686,pred_curve
0.6,2.47979797979798,,0.00022799058482687385,pred_curve
0.6,2.5,,0.00022984148911102197,pred_curve
0.7,0.5,5.061622445841346e-05,4.853651308986798e-05,observed
0.7,0.7,6.654350306785097e-05,6.795111107276988e-05,observed
0.7,0.9,8.254476917216529e-05,8.736570491107648e-05,observed
0.7,1.1,0.0001008773458118,0.00010678029460478907,observed
0.7,1.3,0.0001196764273026,0.000126194880153909,observed
0.7,1.5,0.0001376332171496,0.0001456094615584376,observed
0.7,1.7,0.0001568950205851,0.0001650240388183762,observed
0.7,1.9,0.0001805108272705,0.00018443861193372606,observed
0.7,2.1,0.0002064237974559,0.00020385318090448864,observed
0.7,2.3,0.0002297496884889,0.00022326774573066518,observed
0.7,2.5,0.0002555594112161,0.00024268230641225698,observed
0.7,0.5,,4.853651308986798e-05,pred_curve
0.7,0.5202020202020202,,5.049758378137071e-05,pred_curve
0.7,0.5404040404040404,,5.245865443058593e-05,pred_curve
0.7,0.5606060606060606,,5.4419725037513685e-05,pred_curve
0.7,0.5808080808080808,,5.638079560215396e-05,pred_curve
0.7,0.601010101010101,,5.834186612450673e-05,pred_curve
0.7,0.6212121212121212,,6.030293660457205e-05,pred_curve
0.7,0.6414141414141414,,6.226400704234988e-05,pred_curve
0.7,0.6616161616161617,,6.422507743784023e-05,pred_curve
0.7,0.6818181818181819,,6.61861477910431e-05,pred_curve
0.7,0.702020202020202,,6.81472181019585e-05,pred_curve
0.7,0.7222222222222222,,7.01082883705864e-05,pred_curve
0.7,0.7424242424242424,,7.206935859692687e-05,pred_curve
0.7,0.7626262626262627,,7.403042878097986e-05,pred_curve
0.7,0.7828282828282829,,7.599149892274535e-05,pred_curve
0.7,0.803030303030303,,7.795256902222338e-05,pred_curve
0.7,0.8232323232323233,,7.991363907941399e-05,pred_curve
0.7,0.8434343434343434,,8.187470909431707e-05,pred_curve
0.7,0.8636363636363636,,8.383577906693272e-05,pred_curve
0.7,0.8838383838383839,,8.57968489972609e-05,pred_curve
0.7,0.9040404040404041,,8.775791888530162e-05,pred_curve
0.7,0.9242424242424243,,8.971898873105489e-05,pred_curve
0.7,0.9444444444444444,,9.168005853452066e-05,pred_curve
0.7,0.9646464646464648,,9.364112829569904e-05,pred_curve
0.7,0.9848484848484849,,9.560219801458992e-05,pred_curve
0.7,1.0050505050505052,,9.756326769119336e-05,pred_curve
0.7,1.0252525252525253,,9.952433732550934e-05,pred_curve
0.7,1.0454545454545454,,0.00010148540691753785,pred_curve
0.7,1.0656565656565657,,0.00010344647646727893,pred_curve
0.7,1.0858585858585859,,0.00010540754597473256,pred_curve
0.7,1.106060606060606,,0.00010736861543989874,pred_curve
0.7,1.1262626262626263,,0.00010932968486277747,pred_curve
0.7,1.1464646464646466,,0.00011129075424336878,pred_curve
0.7,1.1666666666666667,,0.0001132518235816726,pred_curve
0.7,1.1868686868686869,,0.000115212892877689,pred_curve
0.7,1.2070707070707072,,0.00011717396213141799,pred_curve
0.7,1.2272727272727273,,0.00011913503134285949,pred_curve
0.7,1.2474747474747474,,0.00012109610051201357,pred_curve
0.7,1.2676767676767677,,0.00012305716963888024,pred_curve
0.7,1.287878787878788,,0.00012501823872345945,pred_curve
0.7,1.3080808080808082,,0.00012697930776575122,pred_curve
0.7,1.3282828282828283,,0.00012894037676575558,pred_curve
0.7,1.3484848484848486,,0.00013090144572347248,pred_curve
0.7,1.3686868686868687,,0.00013286251463890197,pred_curve
0.7,1.3888888888888888,,0.00013482358351204403,pred_curve
0.7,1.4090909090909092,,0.00013678465234289862,pred_curve
0.7,1.4292929292929295,,0.00013874572113146586,pred_curve
0.7,1.4494949494949496,,0.0001407067898777456,pred_curve
0.7,1.4696969696969697,,0.00014266785858173798,pred_curve
0.7,1.48989898989899,,0.00014462892724344294,pred_curve
0.7,1.5101010101010102,,0.0001465899958628604,pred_curve
0.7,1.5303030303030305,,0.00014855106443999053,pred_curve
0.7,1.5505050505050506,,0.0001505121329748332,pred_curve
0.7,1.5707070707070707,,0.00015247320146738843,pred_curve
0.7,1.590909090909091,,0.0001544342699176563,pred_curve
0.7,1.6111111111111112,,0.00015639533832563675,pred_curve
0.7,1.6313131313131315,,0.00015835640669132974,pred_curve
0.7,1.6515151515151516,,0.00016031747501473535,pred_curve
0.7,1.6717171717171717,,0.00016227854329585356,pred_curve
0.7,1.691919191919192,,0.00016423961153468435,pred_curve
0.7,1.7121212121212122,,0.00016620067973122774,pred_curve
0.7,1.7323232323232325,,0.00016816174788548375,pred_curve
0.7,1.7525252525252526,,0.00017012281599745226,pred_curve
0.7,1.772727272727273,,0.00017208388406713348,pred_curve
0.7,1.792929292929293,,0.00017404495209452718,pred_curve
0.7,1.8131313131313131,,0.0001760060200796336,pred_curve
0.7,1.8333333333333335,,0.00017796708802245257,pred_curve
0.7,1.8535353535353536,,0.0001799281559229841,pred_curve
0.7,1.873737373737374,,0.00018188922378122835,pred_curve
0.7,1.893939393939394,,0.00018385029159718512,pred_curve
0.7,1.9141414141414144,,0.00018581135937085447,pred_curve
0.7,1.9343434343434345,,0.00018777242710223648,pred_curve
0.7,1.9545454545454546,,0.00018973349479133112,pred_curve
0.7,1.974747474747475,,0.0001916945624381383,pred_curve
0.7,1.994949494949495,,0.00019365563004265814,pred_curve
0.7,2.0151515151515156,,0.00019561669760489062,pred_curve
0.7,2.0353535353535355,,0.00019757776512483566,pred_curve
0.7,2.0555555555555554,,0.00019953883260249332,pred_curve
0.7,2.075757575757576,,0.0002014999000378636,pred_curve
0.7,2.095959595959596,,0.00020346096743094656,pred_curve
0.7,2.1161616161616164,,0.0002054220347817421,pred_curve
0.7,2.1363636363636367,,0.00020738310209025026,pred_curve
0.7,2.1565656565656566,,0.00020934416935647102,pred_curve
0.7,2.176767676767677,,0.00021130523658040442,pred_curve
0.7,2.1969696969696972,,0.00021326630376205047,pred_curve
0.7,2.217171717171717,,0.00021522737090140908,pred_curve
0.7,2.2373737373737375,,0.00021718843799848042,pred_curve
0.7,2.257575757575758,,0.0002191495050532643,pred_curve
0.7,2.2777777777777777,,0.0002211105720657608,pred_curve
0.7,2.2979797979797985,,0.0002230716390359701,pred_curve
0.7,2.3181818181818183,,0.00022503270596389185,pred_curve
0.7,2.3383838383838382,,0.00022699377284952633,pred_curve
0.7,2.358585858585859,,0.0002289548396928734,pred_curve
0.7,2.378787878787879,,0.00023091590649393316,pred_curve
0.7,2.3989898989898992,,0.00023287697325270553,pred_curve
0.7,2.4191919191919196,,0.0002348380399691905,pred_curve
0.7,2.4393939393939394,,0.00023679910664338818,pred_curve
0.7,2.45959595959596,,0.00023876017327529849,pred_curve
0.7,2.47979797979798,,0.0002407212398649214,pred_curve
0.7,2.5,,0.00024268230641225698,pred_curve
0.8,0.5,5.0663802282179865e-05,5.056723902143912e-05,observed
0.8,0.7,6.709339444868157e-05,7.079412785275692e-05,observed
0.8,0.9,8.457164189641052e-05,9.102101281135766e-05,observed
0.8,1.1,0.0001019575974054,0.00011124789389724239,observed
0.8,1.3,0.0001214906253071,0.00013147477111041225,observed
0.8,1.5,0.0001449218632043,0.00015170164445086837,observed
0.8,1.7,0.0001667097528389,0.0001719285139186118,observed
0.8,1.9,0.0001891849514093,0.00019215537951364374,observed
0.8,2.1,0.0002160018654935,0.00021238224123596526,observed
0.8,2.3,0.0002395620829208,0.0002326090990855775,observed
0.8,2.5,0.000265898083918,0.00025283595306248145,observed
0.8,0.5,,5.056723902143912e-05,pred_curve
0.8,0.5202020202020202,,5.261035928124568e-05,pred_curve
0.8,0.5404040404040404,,5.465347950153873e-05,pred_curve
0.8,0.5606060606060606,,5.669659968231829e-05,pred_curve
0.8,0.5808080808080808,,5.873971982358434e-05,pred_curve
0.8,0.601010101010101,,6.078283992533691e-05,pred_curve
0.8,0.6212121212121212,,6.282595998757597e-05,pred_curve
0.8,0.6414141414141414,,6.486908001030156e-05,pred_curve
0.8,0.6616161616161617,,6.691219999351364e-05,pred_curve
0.8,0.6818181818181819,,6.895531993721223e-05,pred_curve
0.8,0.702020202020202,,7.099843984139733e-05,pred_curve
0.8,0.7222222222222222,,7.304155970606895e-05,pred_curve
0.8,0.7424242424242424,,7.508467953122705e-05,pred_curve
0.8,0.7626262626262627,,7.712779931687169e-05,pred_curve
0.8,0.7828282828282829,,7.917091906300284e-05,pred_curve
0.8,0.803030303030303,,8.12140387696205e-05,pred_curve
0.8,0.8232323232323233,,8.325715843672471e-05,pred_curve
0.8,0.8434343434343434,,8.53002780643154e-05,pred_curve
0.8,0.8636363636363636,,8.734339765239262e-05,pred_curve
0.8,0.8838383838383839,,8.938651720095637e-05,pred_curve
0.8,0.9040404040404041,,9.142963671000661e-05,pred_curve
0.8,0.9242424242424243,,9.347275617954341e-05,pred_curve
0.8,0.9444444444444444,,9.55158756095667e-05,pred_curve
0.8,0.9646464646464648,,9.755899500007656e-05,pred_curve
0.8,0.9848484848484849,,9.960211435107288e-05,pred_curve
0.8,1.0050505050505052,,0.00010164523366255578,pred_curve
0.8,1.0252525252525253,,0.00010368835293452518,pred_curve
0.8,1.0454545454545454,,0.0001057314721669811,pred_curve
0.8,1.0656565656565657,,0.00010777459135992361,pred_curve
0.8,1.0858585858585859,,0.0001098177105133526,pred_curve
0.8,1.106060606060606,,0.00011186082962726812,pred_curve
0.8,1.1262626262626263,,0.0001139039487016702,pred_curve
0.8,1.1464646464646466,,0.00011594706773655881,pred_curve
0.8,1.1666666666666667,,0.00011799018673193394,pred_curve
0.8,1.1868686868686869,,0.00012003330568779561,pred_curve
0.8,1.2070707070707072,,0.00012207642460414385,pred_curve
0.8,1.2272727272727273,,0.00012411954348097857,pred_curve
0.8,1.2474747474747474,,0.00012616266231829984,pred_curve
0.8,1.2676767676767677,,0.00012820578111610772,pred_curve
0.8,1.287878787878788,,0.00013024889987440212,pred_curve
0.8,1.3080808080808082,,0.000132292018593183,pred_curve
0.8,1.3282828282828283,,0.00013433513727245048,pred_curve
0.8,1.3484848484848486,,0.0001363782559122045,pred_curve
0.8,1.3686868686868687,,0.00013842137451244504,pred_curve
0.8,1.3888888888888888,,0.00014046449307317214,pred_curve
0.8,1.4090909090909092,,0.0001425076115943858,pred_curve
0.8,1.4292929292929295,,0.00014455073007608603,pred_curve
0.8,1.4494949494949496,,0.00014659384851827283,pred_curve
0.8,1.4696969696969697,,0.0001486369669209461,pred_curve
0.8,1.48989898989899,,0.00015068008528410596,pred_curve
0.8,1.5101010101010102,,0.00015272320360775238,pred_curve
0.8,1.5303030303030305,,0.00015476632189188538,pred_curve
0.8,1.5505050505050506,,0.00015680944013650487,pred_curve
0.8,1.5707070707070707,,0.00015885255834161103,pred_curve
0.8,1.590909090909091,,0.00016089567650720367,pred_curve
0.8,1.6111111111111112,,0.0001629387946332829,pred_curve
0.8,1.6313131313131315,,0.00016498191271984867,pred_curve
0.8,1.6515151515151516,,0.000167025030766901,pred_curve
0.8,1.6717171717171717,,0.0001690681487744399,pred_curve
0.8,1.691919191919192,,0.00017111126674246543,pred_curve
0.8,1.7121212121212122,,0.00017315438467097746,pred_curve
0.8,1.7323232323232325,,0.00017519750255997607,pred_curve
0.8,1.7525252525252526,,0.00017724062040946125,pred_curve
0.8,1.772727272727273,,0.00017928373821943298,pred_curve
0.8,1.792929292929293,,0.0001813268559898913,pred_curve
0.8,1.8131313131313131,,0.0001833699737208362,pred_curve
0.8,1.8333333333333335,,0.0001854130914122677,pred_curve
0.8,1.8535353535353536,,0.0001874562090641857,pred_curve
0.8,1.873737373737374,,0.00018949932667659033,pred_curve
0.8,1.893939393939394,,0.0001915424442494815,pred_curve
0.8,1.9141414141414144,,0.00019358556178285927,pred_curve
0.8,1.9343434343434345,,0.00019562867927672367,pred_curve
0.8,1.9545454545454546,,0.0001976717967310746,pred_curve
0.8,1.974747474747475,,0.0001997149141459121,pred_curve
0.8,1.994949494949495,,0.0002017580315212362,pred_curve
0.8,2.0151515151515156,,0.00020380114885704687,pred_curve
0.8,2.0353535353535355,,0.00020584426615334413,pred_curve
0.8,2.0555555555555554,,0.00020788738341012797,pred_curve
0.8,2.075757575757576,,0.00020993050062739847,pred_curve
0.8,2.095959595959596,,0.00021197361780515552,pred_curve
0.8,2.1161616161616164,,0.00021401673494339909,pred_curve
0.8,2.1363636363636367,,0.00021605985204212934,pred_curve
0.8,2.1565656565656566,,0.00021810296910134612,pred_curve
0.8,2.176767676767677,,0.00022014608612104953,pred_curve
0.8,2.1969696969696972,,0.00022218920310123952,pred_curve
0.8,2.217171717171717,,0.00022423232004191605,pred_curve
0.8,2.2373737373737375,,0.00022627543694307925,pred_curve
0.8,2.257575757575758,,0.00022831855380472908,pred_curve
0.8,2.2777777777777777,,0.0002303616706268654,pred_curve
0.8,2.2979797979797985,,0.00023240478740948843,pred_curve
0.8,2.3181818181818183,,0.00023444790415259805,pred_curve
0.8,2.3383838383838382,,0.00023649102085619415,pred_curve
0.8,2.358585858585859,,0.00023853413752027698,pred_curve
0.8,2.378787878787879,,0.00024057725414484635,pred_curve
0.8,2.3989898989898992,,0.00024262037072990235,pred_curve
0.8,2.4191919191919196,,0.000244663487275445,pred_curve
0.8,2.4393939393939394,,0.0002467066037814742,pred_curve
0.8,2.45959595959596,,0.0002487497202479901,pred_curve
0.8,2.47979797979798,,0.0002507928366749925,pred_curve
0.8,2.5,,0.00025283595306248145,pred_curve
0.9,0.5,5.057976323978158e-05,5.190378001262512e-05,observed
0.9,0.7,6.699736862920131e-05,7.26652839980138e-05,observed
0.9,0.9,8.480249006132127e-05,9.342678340074112e-05,observed
0.9,1.1,0.0001042426082533,0.00011418827822080857,observed
0.9,1.3,0.0001267523212373,0.00013494976845821775,observed
0.9,1.5,0.000146344440956,0.00015571125411297003,observed
0.9,1.7,0.0001709701487878,0.00017647273518506704,observed
0.9,1.9,0.000196967364283,0.0001972342116745103,observed
0.9,2.1,0.0002172593776766,0.00021799568358130128,observed
0.9,2.3,0.0002488178060288,0.00023875715090544152,observed
0.9,2.5,0.0002740498854368,0.00025951861364693256,observed
0.9,0.5,,5.190378001262512e-05,pred_curve
0.9,0.5202020202020202,,5.40009018353799e-05,pred_curve
0.9,0.5404040404040404,,5.609802361137757e-05,pred_curve
0.9,0.5606060606060606,,5.819514534061815e-05,pred_curve
0.9,0.5808080808080808,,6.029226702310165e-05,pred_curve
0.9,0.601010101010101,,6.238938865882806e-05,pred_curve
0.9,0.6212121212121212,,6.448651024779739e-05,pred_curve
0.9,0.6414141414141414,,6.658363179000963e-05,pred_curve
0.9,0.6616161616161617,,6.86807532854648e-05,pred_curve
0.9,0.6818181818181819,,7.077787473416286e-05,pred_curve
0.9,0.702020202020202,,7.287499613610381e-05,pred_curve
0.9,0.7222222222222222,,7.497211749128774e-05,pred_curve
0.9,0.7424242424242424,,7.706923879971457e-05,pred_curve
0.9,0.7626262626262627,,7.916636006138433e-05,pred_curve
0.9,0.7828282828282829,,8.126348127629701e-05,pred_curve
0.9,0.803030303030303,,8.33606024444526e-05,pred_curve
0.9,0.8232323232323233,,8.545772356585116e-05,pred_curve
0.9,0.8434343434343434,,8.755484464049261e-05,pred_curve
0.9,0.8636363636363636,,8.965196566837701e-05,pred_curve
0.9,0.8838383838383839,,9.174908664950434e-05,pred_curve
0.9,0.9040404040404041,,9.384620758387462e-05,pred_curve
0.9,0.9242424242424243,,9.594332847148779e-05,pred_curve
0.9,0.9444444444444444,,9.804044931234395e-05,pred_curve
0.9,0.9646464646464648,,0.00010013757010644305,pred_curve
0.9,0.9848484848484849,,0.00010223469085378504,pred_curve
0.9,1.0050505050505052,,0.00010433181155437001,pred_curve
0.9,1.0252525252525253,,0.00010642893220819791,pred_curve
0.9,1.0454545454545454,,0.00010852605281526877,pred_curve
0.9,1.0656565656565657,,0.00011062317337558254,pred_curve
0.9,1.0858585858585859,,0.0001127202938891393,pred_curve
0.9,1.106060606060606,,0.00011481741435593899,pred_curve
0.9,1.1262626262626263,,0.00011691453477598166,pred_curve
0.9,1.1464646464646466,,0.00011901165514926728,pred_curve
0.9,1.1666666666666667,,0.00012110877547579582,pred_curve
0.9,1.1868686868686869,,0.0001232058957555673,pred_curve
0.9,1.2070707070707072,,0.0001253030159885818,pred_curve
0.9,1.2272727272727273,,0.00012740013617483923,pred_curve
0.9,1.2474747474747474,,0.0001294972563143396,pred_curve
0.9,1.2676767676767677,,0.00013159437640708298,pred_curve
0.9,1.287878787878788,,0.00013369149645306932,pred_curve
0.9,1.3080808080808082,,0.0001357886164522986,pred_curve
0.9,1.3282828282828283,,0.00013788573640477085,pred_curve
0.9,1.3484848484848486,,0.00013998285631048606,pred_curve
0.9,1.3686868686868687,,0.00014207997616944427,pred_curve
0.9,1.3888888888888888,,0.0001441770959816454,pred_curve
0.9,1.4090909090909092,,0.00014627421574708958,pred_curve
0.9,1.4292929292929295,,0.00014837133546577672,pred_curve
0.9,1.4494949494949496,,0.0001504684551377068,pred_curve
0.9,1.4696969696969697,,0.00015256557476287983,pred_curve
0.9,1.48989898989899,,0.0001546626943412959,pred_curve
0.9,1.5101010101010102,,0.00015675981387295495,pred_curve
0.9,1.5303030303030305,,0.00015885693335785693,pred_curve
0.9,1.5505050505050506,,0.00016095405279600196,pred_curve
0.9,1.5707070707070707,,0.00016305117218738994,pred_curve
0.9,1.590909090909091,,0.00016514829153202093,pred_curve
0.9,1.6111111111111112,,0.0001672454108298949,pred_curve
0.9,1.6313131313131315,,0.00016934253008101183,pred_curve
0.9,1.6515151515151516,,0.00017143964928537176,pred_curve
0.9,1.6717171717171717,,0.0001735367684429747,pred_curve
0.9,1.691919191919192,,0.00017563388755382069,pred_curve
0.9,1.7121212121212122,,0.00017773100661790957,pred_curve
0.9,1.7323232323232325,,0.00017982812563524154,pred_curve
0.9,1.7525252525252526,,0.00018192524460581647,pred_curve
0.9,1.772727272727273,,0.0001840223635296344,pred_curve
0.9,1.792929292929293,,0.00018611948240669534,pred_curve
0.9,1.8131313131313131,,0.0001882166012369993,pred_curve
0.9,1.8333333333333335,,0.00019031372002054626,pred_curve
0.9,1.8535353535353536,,0.00019241083875733616,pred_curve
0.9,1.873737373737374,,0.00019450795744736918,pred_curve
0.9,1.893939393939394,,0.00019660507609064516,pred_curve
0.9,1.9141414141414144,,0.00019870219468716416,pred_curve
0.9,1.9343434343434345,,0.00020079931323692613,pred_curve
0.9,1.9545454545454546,,0.00020289643173993118,pred_curve
0.9,1.974747474747475,,0.00020499355019617922,pred_curve
0.9,1.994949494949495,,0.00020709066860567026,pred_curve
0.9,2.0151515151515156,,0.0002091877869684044,pred_curve
0.9,2.0353535353535355,,0.00021128490528438145,pred_curve
0.9,2.0555555555555554,,0.00021338202355360156,pred_curve
0.9,2.075757575757576,,0.00021547914177606474,pred_curve
0.9,2.095959595959596,,0.00021757625995177092,pred_curve
0.9,2.1161616161616164,,0.00021967337808072012,pred_curve
0.9,2.1363636363636367,,0.00022177049616291236,pred_curve
0.9,2.1565656565656566,,0.0002238676141983476,pred_curve
0.9,2.176767676767677,,0.00022596473218702587,pred_curve
0.9,2.1969696969696972,,0.00022806185012894727,pred_curve
0.9,2.217171717171717,,0.00023015896802411164,pred_curve
0.9,2.2373737373737375,,0.00023225608587251908,pred_curve
0.9,2.257575757575758,,0.00023435320367416951,pred_curve
0.9,2.2777777777777777,,0.00023645032142906292,pred_curve
0.9,2.2979797979797985,,0.0002385474391371996,pred_curve
0.9,2.3181818181818183,,0.00024064455679857912,pred_curve
0.9,2.3383838383838382,,0.00024274167441320173,pred_curve
0.9,2.358585858585859,,0.0002448387919810674,pred_curve
0.9,2.378787878787879,,0.00024693590950217615,pred_curve
0.9,2.3989898989898992,,0.0002490330269765279,pred_curve
0.9,2.4191919191919196,,0.00025113014440412274,pred_curve
0.9,2.4393939393939394,,0.0002532272617849606,pred_curve
0.9,2.45959595959596,,0.0002553243791190415,pred_curve
0.9,2.47979797979798,,0.00025742149640636553,pred_curve
0.9,2.5,,0.00025951861364693256,pred_curve
1.0,0.5,5.025601400779561e-05,5.3465506385280954e-05,observed
1.0,0.7,6.728270541809291e-05,7.485169882169455e-05,observed
1.0,0.9,8.671267622123178e-05,9.623788547656952e-05,observed
1.0,1.1,0.000105881349534,0.00011762406634990816,observed
1.0,1.3,0.0001266686021096,0.00013901024144171285,observed
1.0,1.5,0.0001486979795153,0.0001603964107519859,observed
1.0,1.7,0.0001718511296956,0.00018178257428072978,observed
1.0,1.9,0.0002015885776575,0.00020316873202794663,observed
1.0,2.1,0.0002275701219476,0.00022455488399363894,observed
1.0,2.3,0.0002554318656136,0.000245941030177809,observed
1.0,2.5,0.000288823035981,0.0002673271705804592,observed
1.0,0.5,,5.3465506385280954e-05,pred_curve
1.0,0.5202020202020202,,5.5625728106006887e-05,pred_curve
1.0,0.5404040404040404,,5.7785949767743514e-05,pred_curve
1.0,0.5606060606060606,,5.9946171370490855e-05,pred_curve
1.0,0.5808080808080808,,6.210639291424891e-05,pred_curve
1.0,0.601010101010101,,6.426661439901768e-05,pred_curve
1.0,0.6212121212121212,,6.642683582479715e-05,pred_curve
1.0,0.6414141414141414,,6.858705719158736e-05,pred_curve
1.0,0.6616161616161617,,7.074727849938827e-05,pred_curve
1.0,0.6818181818181819,,7.290749974819992e-05,pred_curve
1.0,0.702020202020202,,7.506772093802227e-05,pred_curve
1.0,0.7222222222222222,,7.722794206885536e-05,pred_curve
1.0,0.7424242424242424,,7.938816314069918e-05,pred_curve
1.0,0.7626262626262627,,8.154838415355375e-05,pred_curve
1.0,0.7828282828282829,,8.370860510741904e-05,pred_curve
1.0,0.803030303030303,,8.586882600229504e-05,pred_curve
1.0,0.8232323232323233,,8.802904683818182e-05,pred_curve
1.0,0.8434343434343434,,9.018926761507933e-05,pred_curve
1.0,0.8636363636363636,,9.234948833298758e-05,pred_curve
1.0,0.8838383838383839,,9.450970899190658e-05,pred_curve
1.0,0.9040404040404041,,9.666992959183633e-05,pred_curve
1.0,0.9242424242424243,,9.883015013277682e-05,pred_curve
1.0,0.9444444444444444,,0.00010099037061472808,pred_curve
1.0,0.9646464646464648,,0.00010315059103769009,pred_curve
1.0,0.9848484848484849,,0.00010531081140166285,pred_curve
1.0,1.0050505050505052,,0.00010747103170664638,pred_curve
1.0,1.0252525252525253,,0.00010963125195264067,pred_curve
1.0,1.0454545454545454,,0.00011179147213964573,pred_curve
1.0,1.0656565656565657,,0.00011395169226766155,pred_curve
1.0,1.0858585858585859,,0.00011611191233668814,pred_curve
1.0,1.106060606060606,,0.0001182721323467255,pred_curve
1.0,1.1262626262626263,,0.00012043235229777364,pred_curve
1.0,1.1464646464646466,,0.00012259257218983258,pred_curve
1.0,1.1666666666666667,,0.00012475279202290226,pred_curve
1.0,1.1868686868686869,,0.00012691301179698275,pred_curve
1.0,1.2070707070707072,,0.00012907323151207403,pred_curve
1.0,1.2272727272727273,,0.00013123345116817608,pred_curve
1.0,1.2474747474747474,,0.00013339367076528892,pred_curve
1.0,1.2676767676767677,,0.00013555389030341257,pred_curve
1.0,1.287878787878788,,0.00013771410978254703,pred_curve
1.0,1.3080808080808082,,0.00013987432920269224,pred_curve
1.0,1.3282828282828283,,0.00014203454856384827,pred_curve
1.0,1.3484848484848486,,0.00014419476786601513,pred_curve
1.0,1.3686868686868687,,0.00014635498710919277,pred_curve
1.0,1.3888888888888888,,0.0001485152062933812,pred_curve
1.0,1.4090909090909092,,0.00015067542541858045,pred_curve
1.0,1.4292929292929295,,0.00015283564448479052,pred_curve
1.0,1.4494949494949496,,0.0001549958634920114,pred_curve
1.0,1.4696969696969697,,0.0001571560824402431,pred_curve
1.0,1.48989898989899,,0.00015931630132948562,pred_curve
1.0,1.5101010101010102,,0.00016147652015973898,pred_curve
1.0,1.5303030303030305,,0.00016363673893100315,pred_curve
1.0,1.5505050505050506,,0.00016579695764327814,pred_curve
1.0,1.5707070707070707,,0.00016795717629656393,pred_curve
1.0,1.590909090909091,,0.0001701173948908606,pred_curve
1.0,1.6111111111111112,,0.00017227761342616805,pred_curve
1.0,1.6313131313131315,,0.0001744378319024864,pred_curve
1.0,1.6515151515151516,,0.00017659805031981557,pred_curve
1.0,1.6717171717171717,,0.00017875826867815554,pred_curve
1.0,1.691919191919192,,0.00018091848697750638,pred_curve
1.0,1.7121212121212122,,0.0001830787052178681,pred_curve
1.0,1.7323232323232325,,0.00018523892339924065,pred_curve
1.0,1.7525252525252526,,0.000187399141521624,pred_curve
1.0,1.772727272727273,,0.0001895593595850182,pred_curve
1.0,1.792929292929293,,0.0001917195775894233,pred_curve
1.0,1.8131313131313131,,0.00019387979553483922,pred_curve
1.0,1.8333333333333335,,0.00019604001342126608,pred_curve
1.0,1.8535353535353536,,0.00019820023124870375,pred_curve
1.0,1.873737373737374,,0.0002003604490171523,pred_curve
1.0,1.893939393939394,,0.00020252066672661167,pred_curve
1.0,1.9141414141414144,,0.00020468088437708195,pred_curve
1.0,1.9343434343434345,,0.00020684110196856313,pred_curve
1.0,1.9545454545454546,,0.00020900131950105512,pred_curve
1.0,1.974747474747475,,0.00021116153697455805,pred_curve
1.0,1.994949494949495,,0.00021332175438907184,pred_curve
1.0,2.0151515151515156,,0.00021548197174459653,pred_curve
1.0,2.0353535353535355,,0.00021764218904113202,pred_curve
1.0,2.0555555555555554,,0.00021980240627867846,pred_curve
1.0,2.075757575757576,,0.0002219626234572358,pred_curve
1.0,2.095959595959596,,0.00022412284057680398,pred_curve
1.0,2.1161616161616164,,0.00022628305763738312,pred_curve
1.0,2.1363636363636367,,0.00022844327463897312,pred_curve
1.0,2.1565656565656566,,0.00023060349158157402,pred_curve
1.0,2.176767676767677,,0.00023276370846518583,pred_curve
1.0,2.1969696969696972,,0.00023492392528980853,pred_curve
1.0,2.217171717171717,,0.00023708414205544215,pred_curve
1.0,2.2373737373737375,,0.00023924435876208666,pred_curve
1.0,2.257575757575758,,0.00024140457540974212,pred_curve
1.0,2.2777777777777777,,0.00024356479199840844,pred_curve
1.0,2.2979797979797985,,0.0002457250085280857,pred_curve
1.0,2.3181818181818183,,0.0002478852249987739,pred_curve
1.0,2.3383838383838382,,0.000250045441410473,pred_curve
1.0,2.358585858585859,,0.00025220565776318303,pred_curve
1.0,2.378787878787879,,0.00025436587405690394,pred_curve
1.0,2.3989898989898992,,0.00025652609029163585,pred_curve
1.0,2.4191919191919196,,0.0002586863064673786,pred_curve
1.0,2.4393939393939394,,0.00026084652258413234,pred_curve
1.0,2.45959595959596,,0.00026300673864189703,pred_curve
1.0,2.47979797979798,,0.00026516695464067267,pred_curve
1.0,2.5,,0.0002673271705804592,pred_curve
