a,p,y_emp,y_pred,type
0.5,0.1,2.3336281860922905e-05,2.5351075810596744e-05,observed
0.5,0.2,3.534088428059787e-05,3.55309551235882e-05,observed
0.5,0.3,4.209345781992477e-05,4.1021807575495414e-05,observed
0.5,0.4,4.591067992661623e-05,4.4456931245619066e-05,observed
0.5,0.5,4.833230726754925e-05,4.680876156707395e-05,observed
0.5,0.6,4.879760102743265e-05,4.851994082654833e-05,observed
0.5,0.7,5.061622445841346e-05,4.982086377226088e-05,observed
0.5,0.8,5.0663802282179865e-05,5.084327615769426e-05,observed
0.5,0.9,5.057976323978158e-05,5.1667968121313244e-05,observed
0.5,1.0,5.025601400779561e-05,5.234723742549522e-05,observed
0.5,0.1,,2.5351075810596744e-05,pred_curve
0.5,0.1090909090909091,,2.662232435043116e-05,pred_curve
0.5,0.1181818181818182,,2.7801991007788063e-05,pred_curve
0.5,0.1272727272727273,,2.889962816281851e-05,pred_curve
0.5,0.13636363636363635,,2.9923504360293853e-05,pred_curve
0.5,0.14545454545454545,,3.088081298182929e-05,pred_curve
0.5,0.15454545454545454,,3.1777841498896786e-05,pred_curve
0.5,0.16363636363636364,,3.262010972901879e-05,pred_curve
0.5,0.17272727272727273,,3.341248352182603e-05,pred_curve
0.5,0.18181818181818182,,3.415926882264927e-05,pred_curve
0.5,0.19090909090909092,,3.4864289954515995e-05,pred_curve
0.5,0.2,,3.55309551235882e-05,pred_curve
0.5,0.2090909090909091,,3.6162311516450944e-05,pred_curve
0.5,0.2181818181818182,,3.6761091868850996e-05,pred_curve
0.5,0.22727272727272727,,3.732975400731501e-05,pred_curve
0.5,0.23636363636363636,,3.7870514570404226e-05,pred_curve
0.5,0.24545454545454545,,3.8385377885194435e-05,pred_curve
0.5,0.2545454545454545,,3.887616079205486e-05,pred_curve
0.5,0.26363636363636367,,3.934451406582026e-05,pred_curve
0.5,0.2727272727272727,,3.9791940965621053e-05,pred_curve
0.5,0.28181818181818186,,4.021981335258736e-05,pred_curve
0.5,0.2909090909090909,,4.06293857395019e-05,pred_curve
0.5,0.3,,4.1021807575495414e-05,pred_curve
0.5,0.3090909090909091,,4.139813401915192e-05,pred_curve
0.5,0.3181818181818182,,4.1759335412658576e-05,pred_curve
0.5,0.32727272727272727,,4.2106305636123946e-05,pred_curve
0.5,0.33636363636363636,,4.243986949350449e-05,pred_curve
0.5,0.34545454545454546,,4.276078925861678e-05,pred_curve
0.5,0.3545454545454545,,4.306977049059538e-05,pred_curve
0.5,0.36363636363636365,,4.3367467212179975e-05,pred_curve
0.5,0.3727272727272727,,4.365448653081816e-05,pred_curve
0.5,0.38181818181818183,,4.393139277129676e-05,pred_curve
0.5,0.3909090909090909,,4.4198711179098216e-05,pred_curve
0.5,0.4,,4.4456931245619066e-05,pred_curve
0.5,0.40909090909090906,,4.470650969954243e-05,pred_curve
0.5,0.4181818181818182,,4.49478732028247e-05,pred_curve
0.5,0.42727272727272725,,4.5181420784774896e-05,pred_curve
0.5,0.4363636363636364,,4.540752604343792e-05,pred_curve
0.5,0.44545454545454544,,4.562653913982786e-05,pred_curve
0.5,0.4545454545454546,,4.583878860740169e-05,pred_curve
0.5,0.4636363636363636,,4.6044582996440046e-05,pred_curve
0.5,0.47272727272727266,,4.6244212370645165e-05,pred_curve
0.5,0.4818181818181818,,4.643794967122218e-05,pred_curve
0.5,0.49090909090909085,,4.6626051961934115e-05,pred_curve
0.5,0.5,,4.680876156707395e-05,pred_curve
0.5,0.509090909090909,,4.6986307112946355e-05,pred_curve
0.5,0.5181818181818182,,4.715890448227171e-05,pred_curve
0.5,0.5272727272727272,,4.7326757689889224e-05,pred_curve
0.5,0.5363636363636364,,4.749005968722799e-05,pred_curve
0.5,0.5454545454545454,,4.764899310221564e-05,pred_curve
0.5,0.5545454545454546,,4.780373092058951e-05,pred_curve
0.5,0.5636363636363636,,4.79544371139541e-05,pred_curve
0.5,0.5727272727272728,,4.810126721937855e-05,pred_curve
0.5,0.5818181818181818,,4.8244368874841026e-05,pred_curve
0.5,0.5909090909090909,,4.838388231439498e-05,pred_curve
0.5,0.6,,4.851994082654833e-05,pred_curve
0.5,0.609090909090909,,4.8652671179005075e-05,pred_curve
0.5,0.6181818181818182,,4.8782194012614366e-05,pred_curve
0.5,0.6272727272727272,,4.890862420710052e-05,pred_curve
0.5,0.6363636363636364,,4.903207122090413e-05,pred_curve
0.5,0.6454545454545454,,4.9152639407247716e-05,pred_curve
0.5,0.6545454545454545,,4.9270428308343864e-05,pred_curve
0.5,0.6636363636363636,,4.938553292948929e-05,pred_curve
0.5,0.6727272727272727,,4.9498043994631214e-05,pred_curve
0.5,0.6818181818181818,,4.960804818485068e-05,pred_curve
0.5,0.6909090909090908,,4.9715628361080596e-05,pred_curve
0.5,0.7,,4.982086377226088e-05,pred_curve
0.5,0.709090909090909,,4.9923830250029896e-05,pred_curve
0.5,0.7181818181818181,,5.002460039095719e-05,pred_curve
0.5,0.7272727272727272,,5.012324372723789e-05,pred_curve
0.5,0.7363636363636363,,5.021982688669214e-05,pred_curve
0.5,0.7454545454545454,,5.031441374284347e-05,pred_curve
0.5,0.7545454545454545,,5.0407065555786115e-05,pred_curve
0.5,0.7636363636363636,,5.049784110449453e-05,pred_curve
0.5,0.7727272727272727,,5.0586796811175316e-05,pred_curve
0.5,0.7818181818181817,,5.067398685821444e-05,pred_curve
0.5,0.7909090909090909,,5.075946329822915e-05,pred_curve
0.5,0.7999999999999999,,5.084327615769426e-05,pred_curve
0.5,0.8090909090909091,,5.092547353457626e-05,pred_curve
0.5,0.8181818181818181,,5.1006101690375636e-05,pred_curve
0.5,0.8272727272727273,,5.108520513694761e-05,pred_curve
0.5,0.8363636363636363,,5.1162826718443475e-05,pred_curve
0.5,0.8454545454545453,,5.1239007688689646e-05,pred_curve
0.5,0.8545454545454545,,5.131378778429795e-05,pred_curve
0.5,0.8636363636363635,,5.1387205293779495e-05,pred_curve
0.5,0.8727272727272727,,5.145929712291454e-05,pred_curve
0.5,0.8818181818181817,,5.153009885661304e-05,pred_curve
0.5,0.8909090909090909,,5.159964481748357e-05,pred_curve
0.5,0.8999999999999999,,5.1667968121313244e-05,pred_curve
0.5,0.9090909090909091,,5.173510072964702e-05,pred_curve
0.5,0.9181818181818181,,5.180107349964182e-05,pred_curve
0.5,0.9272727272727272,,5.186591623135877e-05,pred_curve
0.5,0.9363636363636363,,5.1929657712645926e-05,pred_curve
0.5,0.9454545454545454,,5.199232576175348e-05,pred_curve
0.5,0.9545454545454545,,5.205394726781394e-05,pred_curve
0.5,0.9636363636363636,,5.2114548229311065e-05,pred_curve
0.5,0.9727272727272727,,5.2174153790653266e-05,pred_curve
0.5,0.9818181818181817,,5.223278827695935e-05,pred_curve
0.5,0.9909090909090909,,5.229047522715797e-05,pred_curve
0.5,1.0,,5.234723742549522e-05,pred_curve
0.7,0.1,2.77373599354139e-05,2.995151933270123e-05,observed
0.7,0.2,4.3504924278371466e-05,4.380300535279197e-05,observed
0.7,0.3,5.2521593022664145e-05,5.178606051742639e-05,observed
0.7,0.4,5.839957954228234e-05,5.697816843481082e-05,observed
0.7,0.5,6.1687657061471e-05,6.062516201426309e-05,observed
0.7,0.6,6.443378957540591e-05,6.332742156617486e-05,observed
0.7,0.7,6.654350306785097e-05,6.540994499832626e-05,observed
0.7,0.8,6.709339444868157e-05,6.706399555100904e-05,observed
0.7,0.9,6.699736862920131e-05,6.840947409676588e-05,observed
0.7,1.0,6.728270541809291e-05,6.952536207558487e-05,observed
0.7,0.1,,2.995151933270123e-05,pred_curve
0.7,0.1090909090909091,,3.161790004859193e-05,pred_curve
0.7,0.1181818181818182,,3.3179895332081066e-05,pred_curve
0.7,0.1272727272727273,,3.4647015674510635e-05,pred_curve
0.7,0.13636363636363635,,3.6027650293527576e-05,pred_curve
0.7,0.14545454545454545,,3.7329227647730854e-05,pred_curve
0.7,0.15454545454545454,,3.855834914486026e-05,pred_curve
0.7,0.16363636363636364,,3.9720901124981924e-05,pred_curve
0.7,0.17272727272727273,,4.082214912829916e-05,pred_curve
0.7,0.18181818181818182,,4.186681763319687e-05,pred_curve
0.7,0.19090909090909092,,4.2859157811848236e-05,pred_curve
0.7,0.2,,4.380300535279197e-05,pred_curve
0.7,0.2090909090909091,,4.470183000884934e-05,pred_curve
0.7,0.2181818181818182,,4.555877821969495e-05,pred_curve
0.7,0.22727272727272727,,4.637670991266047e-05,pred_curve
0.7,0.23636363636363636,,4.715823038884179e-05,pred_curve
0.7,0.24545454545454545,,4.790571804357942e-05,pred_curve
0.7,0.2545454545454545,,4.8621348542683675e-05,pred_curve
0.7,0.26363636363636367,,4.930711597205771e-05,pred_curve
0.7,0.2727272727272727,,4.996485139373099e-05,pred_curve
0.7,0.28181818181818186,,5.059623917193344e-05,pred_curve
0.7,0.2909090909090909,,5.120283137571896e-05,pred_curve
0.7,0.3,,5.178606051742639e-05,pred_curve
0.7,0.3090909090909091,,5.234725084707378e-05,pred_curve
0.7,0.3181818181818182,,5.2887628390131925e-05,pred_curve
0.7,0.32727272727272727,,5.3408329888821956e-05,pred_curve
0.7,0.33636363636363636,,5.391041078417397e-05,pred_curve
0.7,0.34545454545454546,,5.439485235679843e-05,pred_curve
0.7,0.3545454545454545,,5.486256812803193e-05,pred_curve
0.7,0.36363636363636365,,5.531440960931759e-05,pred_curve
0.7,0.3727272727272727,,5.5751171475951475e-05,pred_curve
0.7,0.38181818181818183,,5.617359623133009e-05,pred_curve
0.7,0.3909090909090909,,5.658237841929014e-05,pred_curve
0.7,0.4,,5.697816843481082e-05,pred_curve
0.7,0.40909090909090906,,5.736157597705719e-05,pred_curve
0.7,0.4181818181818182,,5.773317318332509e-05,pred_curve
0.7,0.42727272727272725,,5.8093497477768386e-05,pred_curve
0.7,0.4363636363636364,,5.844305416473983e-05,pred_curve
0.7,0.44545454545454544,,5.8782318793063386e-05,pred_curve
0.7,0.4545454545454546,,5.911173931450124e-05,pred_curve
0.7,0.4636363636363636,,5.9431738057017446e-05,pred_curve
0.7,0.47272727272727266,,5.974271353111636e-05,pred_curve
0.7,0.4818181818181818,,6.0045042085500976e-05,pred_curve
0.7,0.49090909090909085,,6.0339079426514525e-05,pred_curve
0.7,0.5,,6.062516201426309e-05,pred_curve
0.7,0.509090909090909,,6.090360834694036e-05,pred_curve
0.7,0.5181818181818182,,6.117472014366139e-05,pred_curve
0.7,0.5272727272727272,,6.143878343504061e-05,pred_curve
0.7,0.5363636363636364,,6.169606956980119e-05,pred_curve
0.7,0.5454545454545454,,6.194683614486262e-05,pred_curve
0.7,0.5545454545454546,,6.219132786560862e-05,pred_curve
0.7,0.5636363636363636,,6.24297773423742e-05,pred_curve
0.7,0.5727272727272728,,6.26624058286017e-05,pred_curve
0.7,0.5818181818181818,,6.288942390558941e-05,pred_curve
0.7,0.5909090909090909,,6.311103211828734e-05,pred_curve
0.7,0.6,,6.332742156617486e-05,pred_curve
0.7,0.609090909090909,,6.353877445287966e-05,pred_curve
0.7,0.6181818181818182,,6.374526459786024e-05,pred_curve
0.7,0.6272727272727272,,6.394705791317212e-05,pred_curve
0.7,0.6363636363636364,,6.414431284806642e-05,pred_curve
0.7,0.6454545454545454,,6.433718080392452e-05,pred_curve
0.7,0.6545454545454545,,6.452580652181256e-05,pred_curve
0.7,0.6636363636363636,,6.471032844474084e-05,pred_curve
0.7,0.6727272727272727,,6.489087905653321e-05,pred_curve
0.7,0.6818181818181818,,6.506758519904992e-05,pred_curve
0.7,0.6909090909090908,,6.524056836935999e-05,pred_curve
0.7,0.7,,6.540994499832626e-05,pred_curve
0.7,0.709090909090909,,6.557582671194553e-05,pred_curve
0.7,0.7181818181818181,,6.57383205766763e-05,pred_curve
0.7,0.7272727272727272,,6.589752932988743e-05,pred_curve
0.7,0.7363636363636363,,6.605355159646967e-05,pred_curve
0.7,0.7454545454545454,,6.620648209257012e-05,pred_curve
0.7,0.7545454545454545,,6.635641181733364e-05,pred_curve
0.7,0.7636363636363636,,6.650342823346694e-05,pred_curve
0.7,0.7727272727272727,,6.664761543737843e-05,pred_curve
0.7,0.7818181818181817,,6.678905431958893e-05,pred_curve
0.7,0.7909090909090909,,6.692782271605634e-05,pred_curve
0.7,0.7999999999999999,,6.706399555100904e-05,pred_curve
0.7,0.8090909090909091,,6.719764497183882e-05,pred_curve
0.7,0.8181818181818181,,6.732884047656354e-05,pred_curve
0.7,0.8272727272727273,,6.745764903433264e-05,pred_curve
0.7,0.8363636363636363,,6.75841351994147e-05,pred_curve
0.7,0.8454545454545453,,6.770836121907442e-05,pred_curve
0.7,0.8545454545454545,,6.783038713571807e-05,pred_curve
0.7,0.8636363636363635,,6.795027088365936e-05,pred_curve
0.7,0.8727272727272727,,6.806806838083348e-05,pred_curve
0.7,0.8818181818181817,,6.818383361576434e-05,pred_curve
0.7,0.8909090909090909,,6.829761873006928e-05,pred_curve
0.7,0.8999999999999999,,6.840947409676588e-05,pred_curve
0.7,0.9090909090909091,,6.851944839462822e-05,pred_curve
0.7,0.9181818181818181,,6.862758867882307e-05,pred_curve
0.7,0.9272727272727272,,6.873394044804139e-05,pred_curve
0.7,0.9363636363636363,,6.883854770832616e-05,pred_curve
0.7,0.9454545454545454,,6.894145303378506e-05,pred_curve
0.7,0.9545454545454545,,6.904269762436354e-05,pred_curve
0.7,0.9636363636363636,,6.914232136084322e-05,pred_curve
0.7,0.9727272727272727,,6.92403628572198e-05,pred_curve
0.7,0.9818181818181817,,6.93368595106051e-05,pred_curve
0.7,0.9909090909090909,,6.943184754878846e-05,pred_curve
0.7,1.0,,6.952536207558487e-05,pred_curve
0.9,0.1,3.199232451025359e-05,3.423251743464848e-05,observed
0.9,0.2,5.06635174719451e-05,5.187866345820406e-05,observed
0.9,0.3,6.392585427242329e-05,6.264225351422693e-05,observed
0.9,0.4,7.148945962372418e-05,6.989280134439836e-05,observed
0.9,0.5,7.664638525921014e-05,7.510890392530391e-05,observed
0.9,0.6,8.020117321650188e-05,7.904148331535453e-05,observed
0.9,0.7,8.254476917216529e-05,8.21123908238e-05,observed
0.9,0.8,8.457164189641052e-05,8.457686634023979e-05,observed
0.9,0.9,8.480249006132127e-05,8.659840110637404e-05,observed
0.9,1.0,8.671267622123178e-05,8.828656351050985e-05,observed
0.9,0.1,,3.423251743464848e-05,pred_curve
0.9,0.1090909090909091,,3.628980235295308e-05,pred_curve
0.9,0.1181818181818182,,3.823406725779612e-05,pred_curve
0.9,0.1272727272727273,,4.007437655033465e-05,pred_curve
0.9,0.13636363636363635,,4.181885056278334e-05,pred_curve
0.9,0.14545454545454545,,4.347478534686517e-05,pred_curve
0.9,0.15454545454545454,,4.504875467439666e-05,pred_curve
0.9,0.16363636363636364,,4.6546697257205476e-05,pred_curve
0.9,0.17272727272727273,,4.797399162625866e-05,pred_curve
0.9,0.18181818181818182,,4.9335520660190866e-05,pred_curve
0.9,0.19090909090909092,,5.063572739487562e-05,pred_curve
0.9,0.2,,5.187866345820406e-05,pred_curve
0.9,0.2090909090909091,,5.30680312425117e-05,pred_curve
0.9,0.2181818181818182,,5.420722073936223e-05,pred_curve
0.9,0.22727272727272727,,5.529934180857118e-05,pred_curve
0.9,0.23636363636363636,,5.6347252528365116e-05,pred_curve
0.9,0.24545454545454545,,5.735358417090183e-05,pred_curve
0.9,0.2545454545454545,,5.832076326268199e-05,pred_curve
0.9,0.26363636363636367,,5.9251031119233024e-05,pred_curve
0.9,0.2727272727272727,,6.014646118511781e-05,pred_curve
0.9,0.28181818181818186,,6.1008974461642064e-05,pred_curve
0.9,0.2909090909090909,,6.184035326386184e-05,pred_curve
0.9,0.3,,6.264225351422693e-05,pred_curve
0.9,0.3090909090909091,,6.341621575130147e-05,pred_curve
0.9,0.3181818181818182,,6.416367500756135e-05,pred_curve
0.9,0.32727272727272727,,6.488596968952991e-05,pred_curve
0.9,0.33636363636363636,,6.558434957586348e-05,pred_curve
0.9,0.34545454545454546,,6.625998303393757e-05,pred_curve
0.9,0.3545454545454545,,6.691396354259336e-05,pred_curve
0.9,0.36363636363636365,,6.75473155976451e-05,pred_curve
0.9,0.3727272727272727,,6.816100006723319e-05,pred_curve
0.9,0.38181818181818183,,6.875591905590324e-05,pred_curve
0.9,0.3909090909090909,,6.933292032919739e-05,pred_curve
0.9,0.4,,6.989280134439836e-05,pred_curve
0.9,0.40909090909090906,,7.043631292772864e-05,pred_curve
0.9,0.4181818181818182,,7.096416263366235e-05,pred_curve
0.9,0.42727272727272725,,7.147701781795507e-05,pred_curve
0.9,0.4363636363636364,,7.19755084524565e-05,pred_curve
0.9,0.44545454545454544,,7.246022970666948e-05,pred_curve
0.9,0.4545454545454546,,7.29317443182989e-05,pred_curve
0.9,0.4636363636363636,,7.339058477264174e-05,pred_curve
0.9,0.47272727272727266,,7.38372553085639e-05,pred_curve
0.9,0.4818181818181818,,7.427223376695143e-05,pred_curve
0.9,0.49090909090909085,,7.46959732958813e-05,pred_curve
0.9,0.5,,7.510890392530391e-05,pred_curve
0.9,0.509090909090909,,7.551143402274052e-05,pred_curve
0.9,0.5181818181818182,,7.590395164035415e-05,pred_curve
0.9,0.5272727272727272,,7.628682576273469e-05,pred_curve
0.9,0.5363636363636364,,7.666040746383221e-05,pred_curve
0.9,0.5454545454545454,,7.702503098066323e-05,pred_curve
0.9,0.5545454545454546,,7.738101471069236e-05,pred_curve
0.9,0.5636363636363636,,7.772866213914488e-05,pred_curve
0.9,0.5727272727272728,,7.80682627019269e-05,pred_curve
0.9,0.5818181818181818,,7.840009258930999e-05,pred_curve
0.9,0.5909090909090909,,7.872441549507055e-05,pred_curve
0.9,0.6,,7.904148331535453e-05,pred_curve
0.9,0.609090909090909,,7.935153680116036e-05,pred_curve
0.9,0.6181818181818182,,7.965480616799184e-05,pred_curve
0.9,0.6272727272727272,,7.995151166592566e-05,pred_curve
0.9,0.6363636363636364,,8.024186411306007e-05,pred_curve
0.9,0.6454545454545454,,8.052606539506006e-05,pred_curve
0.9,0.6545454545454545,,8.080430893328631e-05,pred_curve
0.9,0.6636363636363636,,8.107678012378927e-05,pred_curve
0.9,0.6727272727272727,,8.134365674926218e-05,pred_curve
0.9,0.6818181818181818,,8.160510936587626e-05,pred_curve
0.9,0.6909090909090908,,8.18613016667671e-05,pred_curve
0.9,0.7,,8.21123908238e-05,pred_curve
0.9,0.709090909090909,,8.235852780911369e-05,pred_curve
0.9,0.7181818181818181,,8.259985769782445e-05,pred_curve
0.9,0.7272727272727272,,8.283651995316641e-05,pred_curve
0.9,0.7363636363636363,,8.306864869524514e-05,pred_curve
0.9,0.7454545454545454,,8.32963729544932e-05,pred_curve
0.9,0.7545454545454545,,8.35198169108337e-05,pred_curve
0.9,0.7636363636363636,,8.373910011948344e-05,pred_curve
0.9,0.7727272727272727,,8.395433772425869e-05,pred_curve
0.9,0.7818181818181817,,8.416564065918235e-05,pred_curve
0.9,0.7909090909090909,,8.437311583913539e-05,pred_curve
0.9,0.7999999999999999,,8.457686634023979e-05,pred_curve
0.9,0.8090909090909091,,8.477699157061338e-05,pred_curve
0.9,0.8181818181818181,,8.497358743209024e-05,pred_curve
0.9,0.8272727272727273,,8.516674647345979e-05,pred_curve
0.9,0.8363636363636363,,8.535655803573889e-05,pred_curve
0.9,0.8454545454545453,,8.554310838995602e-05,pred_curve
0.9,0.8545454545454545,,8.572648086789405e-05,pred_curve
0.9,0.8636363636363635,,8.590675598620783e-05,pred_curve
0.9,0.8727272727272727,,8.608401156430504e-05,pred_curve
0.9,0.8818181818181817,,8.625832283635284e-05,pred_curve
0.9,0.8909090909090909,,8.642976255774897e-05,pred_curve
0.9,0.8999999999999999,,8.659840110637404e-05,pred_curve
0.9,0.9090909090909091,,8.676430657892084e-05,pred_curve
0.9,0.9181818181818181,,8.692754488257777e-05,pred_curve
0.9,0.9272727272727272,,8.70881798223257e-05,pred_curve
0.9,0.9363636363636363,,8.724627318409112e-05,pred_curve
0.9,0.9454545454545454,,8.740188481398356e-05,pred_curve
0.9,0.9545454545454545,,8.755507269382998e-05,pred_curve
0.9,0.9636363636363636,,8.770589301320759e-05,pred_curve
0.9,0.9727272727272727,,8.785440023816187e-05,pred_curve
0.9,0.9818181818181817,,8.800064717678719e-05,pred_curve
0.9,0.9909090909090909,,8.814468504183564e-05,pred_curve
0.9,1.0,,8.828656351050985e-05,pred_curve
1.1,0.1,3.615470379985245e-05,3.883504152647087e-05,observed
1.1,0.2,5.927896061220765e-05,6.025782215608636e-05,observed
1.1,0.3,7.420102570619462e-05,7.383437119393723e-05,observed
1.1,0.4,8.454038653276584e-05,8.320808020673517e-05,observed
1.1,0.5,9.08243511056709e-05,9.006895102629545e-05,observed
1.1,0.6,9.74067881129772e-05,9.530799207515067e-05,observed
1.1,0.7,0.0001008773458118,9.943949009950011e-05,observed
1.1,0.8,0.0001019575974054,0.00010278107618222229,observed
1.1,0.9,0.0001042426082533,0.00010553952174180248,observed
1.1,1.0,0.000105881349534,0.00010785522241670436,observed
1.1,0.1,,3.883504152647087e-05,pred_curve
1.1,0.1090909090909091,,4.1281073570125625e-05,pred_curve
1.1,0.1181818181818182,,4.360500913818265e-05,pred_curve
1.1,0.1272727272727273,,4.5815767499879346e-05,pred_curve
1.1,0.13636363636363635,,4.7921419827225424e-05,pred_curve
1.1,0.14545454545454545,,4.992928765708057e-05,pred_curve
1.1,0.15454545454545454,,5.1846027947060544e-05,pred_curve
1.1,0.16363636363636364,,5.367770680756651e-05,pred_curve
1.1,0.17272727272727273,,5.542986363062239e-05,pred_curve
1.1,0.18181818181818182,,5.710756704374092e-05,pred_curve
1.1,0.19090909090909092,,5.871546387933491e-05,pred_curve
1.1,0.2,,6.025782215608636e-05,pred_curve
1.1,0.2090909090909091,,6.173856890947417e-05,pred_curve
1.1,0.2181818181818182,,6.316132357750844e-05,pred_curve
1.1,0.22727272727272727,,6.452942753923639e-05,pred_curve
1.1,0.23636363636363636,,6.584597031350124e-05,pred_curve
1.1,0.24545454545454545,,6.711381285034604e-05,pred_curve
1.1,0.2545454545454545,,6.83356082846377e-05,pred_curve
1.1,0.26363636363636367,,6.951382046875377e-05,pred_curve
1.1,0.2727272727272727,,7.065074055675724e-05,pred_curve
1.1,0.28181818181818186,,7.174850187495263e-05,pred_curve
1.1,0.2909090909090909,,7.280909328190252e-05,pred_curve
1.1,0.3,,7.383437119393723e-05,pred_curve
1.1,0.3090909090909091,,7.4826070429129e-05,pred_curve
1.1,0.3181818181818182,,7.578581400298585e-05,pred_curve
1.1,0.32727272727272727,,7.671512199221573e-05,pred_curve
1.1,0.33636363636363636,,7.761541956838505e-05,pred_curve
1.1,0.34545454545454546,,7.848804429077416e-05,pred_curve
1.1,0.3545454545454545,,7.933425273692054e-05,pred_curve
1.1,0.36363636363636365,,8.015522653997701e-05,pred_curve
1.1,0.3727272727272727,,8.09520778938876e-05,pred_curve
1.1,0.38181818181818183,,8.17258545803184e-05,pred_curve
1.1,0.3909090909090909,,8.247754456512196e-05,pred_curve
1.1,0.4,,8.320808020673517e-05,pred_curve
1.1,0.40909090909090906,,8.391834211420442e-05,pred_curve
1.1,0.4181818181818182,,8.460916268840458e-05,pred_curve
1.1,0.42727272727272725,,8.528132937639247e-05,pred_curve
1.1,0.4363636363636364,,8.593558766564508e-05,pred_curve
1.1,0.44545454545454544,,8.657264384211964e-05,pred_curve
1.1,0.4545454545454546,,8.719316753358704e-05,pred_curve
1.1,0.4636363636363636,,8.779779405749281e-05,pred_curve
1.1,0.47272727272727266,,8.838712659065101e-05,pred_curve
1.1,0.4818181818181818,,8.89617381763478e-05,pred_curve
1.1,0.49090909090909085,,8.95221735828936e-05,pred_curve
1.1,0.5,,9.006895102629545e-05,pred_curve
1.1,0.509090909090909,,9.060256376849911e-05,pred_curve
1.1,0.5181818181818182,,9.112348160156261e-05,pred_curve
1.1,0.5272727272727272,,9.163215222714722e-05,pred_curve
1.1,0.5363636363636364,,9.212900253984007e-05,pred_curve
1.1,0.5454545454545454,,9.261443982203993e-05,pred_curve
1.1,0.5545454545454546,,9.308885285743592e-05,pred_curve
1.1,0.5636363636363636,,9.355261296947668e-05,pred_curve
1.1,0.5727272727272728,,9.400607499065994e-05,pred_curve
1.1,0.5818181818181818,,9.444957816796017e-05,pred_curve
1.1,0.5909090909090909,,9.488344700924957e-05,pred_curve
1.1,0.6,,9.530799207515067e-05,pred_curve
1.1,0.609090909090909,,9.572351072038148e-05,pred_curve
1.1,0.6181818181818182,,9.613028778831163e-05,pred_curve
1.1,0.6272727272727272,,9.652859626213933e-05,pred_curve
1.1,0.6363636363636364,,9.691869787581718e-05,pred_curve
1.1,0.6454545454545454,,9.730084368759985e-05,pred_curve
1.1,0.6545454545454545,,9.767527461885522e-05,pred_curve
1.1,0.6636363636363636,,9.804222196056811e-05,pred_curve
1.1,0.6727272727272727,,9.84019078497751e-05,pred_curve
1.1,0.6818181818181818,,9.875454571799187e-05,pred_curve
1.1,0.6909090909090908,,9.910034071353597e-05,pred_curve
1.1,0.7,,9.943949009950011e-05,pred_curve
1.1,0.709090909090909,,9.977218362899908e-05,pred_curve
1.1,0.7181818181818181,,0.00010009860389918943,pred_curve
1.1,0.7272727272727272,,0.00010041892668545029,pred_curve
1.1,0.7363636363636363,,0.0001007333212570098,pred_curve
1.1,0.7454545454545454,,0.00010104195067520875,pred_curve
1.1,0.7545454545454545,,0.00010134497207550483,pred_curve
1.1,0.7636363636363636,,0.00010164253693424282,pred_curve
1.1,0.7727272727272727,,0.0001019347913211422,pred_curve
1.1,0.7818181818181817,,0.00010222187613838592,pred_curve
1.1,0.7909090909090909,,0.00010250392734713344,pred_curve
1.1,0.7999999999999999,,0.0001027810761822223,pred_curve
1.1,0.8090909090909091,,0.00010305344935577089,pred_curve
1.1,0.8181818181818181,,0.00010332116925034611,pred_curve
1.1,0.8272727272727273,,0.00010358435410231464,pred_curve
1.1,0.8363636363636363,,0.00010384311817595452,pred_curve
1.1,0.8454545454545453,,0.00010409757192886637,pred_curve
1.1,0.8545454545454545,,0.00010434782216918673,pred_curve
1.1,0.8636363636363635,,0.00010459397220507386,pred_curve
1.1,0.8727272727272727,,0.00010483612198690578,pred_curve
1.1,0.8818181818181817,,0.000105074368242601,pred_curve
1.1,0.8909090909090909,,0.00010530880460644797,pred_curve
1.1,0.8999999999999999,,0.00010553952174180248,pred_curve
1.1,0.9090909090909091,,0.00010576660745799182,pred_curve
1.1,0.9181818181818181,,0.00010599014682174158,pred_curve
1.1,0.9272727272727272,,0.00010621022226342299,pred_curve
1.1,0.9363636363636363,,0.00010642691367839843,pred_curve
1.1,0.9454545454545454,,0.00010664029852372815,pred_curve
1.1,0.9545454545454545,,0.0001068504519104831,pred_curve
1.1,0.9636363636363636,,0.0001070574466918954,pred_curve
1.1,0.9727272727272727,,0.00010726135354756402,pred_curve
1.1,0.9818181818181817,,0.00010746224106391945,pred_curve
1.1,0.9909090909090909,,0.0001076601758111406,pred_curve
1.1,1.0,,0.00010785522241670436,pred_curve
1.3,0.1,4.0062885332514e-05,4.2968422915517276e-05,observed
1.3,0.2,6.707344837488122e-05,6.835540983960188e-05,observed
1.3,0.3,8.558100594701405e-05,8.51189985046891e-05,observed
1.3,0.4,9.929534591504746e-05,9.701506201905945e-05,observed
1.3,0.5,0.0001078000397662,0.00010589485586031322,observed
1.3,0.6,0.0001135422231729,0.00011277648075735366,observed
1.3,0.7,0.0001196764273026,0.00011826618151899964,observed
1.3,0.8,0.0001214906253071,0.00012274748118649956,observed
1.3,0.9,0.0001267523212373,0.00012647485661415088,observed
1.3,1.0,0.0001266686021096,0.00012962380321089885,observed
1.3,0.1,,4.2968422915517276e-05,pred_curve
1.3,0.1090909090909091,,4.580364482134623e-05,pred_curve
1.3,0.1181818181818182,,4.851220169937939e-05,pred_curve
1.3,0.1272727272727273,,5.110239632417775e-05,pred_curve
1.3,0.13636363636363635,,5.3581821334369265e-05,pred_curve
1.3,0.14545454545454545,,5.59574335655934e-05,pred_curve
1.3,0.15454545454545454,,5.8235619238009835e-05,pred_curve
1.3,0.16363636363636364,,6.042225128472064e-05,pred_curve
1.3,0.17272727272727273,,6.252273990474993e-05,pred_curve
1.3,0.18181818181818182,,6.45420772567602e-05,pred_curve
1.3,0.19090909090909092,,6.648487707078458e-05,pred_curve
1.3,0.2,,6.835540983960188e-05,pred_curve
1.3,0.2090909090909091,,7.015763415473686e-05,pred_curve
1.3,0.2181818181818182,,7.189522467101873e-05,pred_curve
1.3,0.22727272727272727,,7.357159711543226e-05,pred_curve
1.3,0.23636363636363636,,7.518993069842228e-05,pred_curve
1.3,0.24545454545454545,,7.675318823705543e-05,pred_curve
1.3,0.2545454545454545,,7.826413425802918e-05,pred_curve
1.3,0.26363636363636367,,7.972535131323627e-05,pred_curve
1.3,0.2727272727272727,,8.113925471045391e-05,pred_curve
1.3,0.28181818181818186,,8.250810583590776e-05,pred_curve
1.3,0.2909090909090909,,8.383402422328634e-05,pred_curve
1.3,0.3,,8.51189985046891e-05,pred_curve
1.3,0.3090909090909091,,8.636489636251026e-05,pred_curve
1.3,0.3181818181818182,,8.757347358700239e-05,pred_curve
1.3,0.32727272727272727,,8.874638233189814e-05,pred_curve
1.3,0.33636363636363636,,8.988517864972201e-05,pred_curve
1.3,0.34545454545454546,,9.09913293790634e-05,pred_curve
1.3,0.3545454545454545,,9.206621844791238e-05,pred_curve
1.3,0.36363636363636365,,9.311115265001379e-05,pred_curve
1.3,0.3727272727272727,,9.412736694493383e-05,pred_curve
1.3,0.38181818181818183,,9.511602932703561e-05,pred_curve
1.3,0.3909090909090909,,9.607824530372415e-05,pred_curve
1.3,0.4,,9.701506201905945e-05,pred_curve
1.3,0.40909090909090906,,9.792747205507485e-05,pred_curve
1.3,0.4181818181818182,,9.88164169398113e-05,pred_curve
1.3,0.42727272727272725,,9.968279038813092e-05,pred_curve
1.3,0.4363636363636364,,0.0001005274412987608,pred_curve
1.3,0.44545454545454544,,0.00010135117652869329,pred_curve
1.3,0.4545454545454546,,0.00010215476346400393,pred_curve
1.3,0.4636363636363636,,0.0001029389324043042,pred_curve
1.3,0.47272727272727266,,0.00010370437877640314,pred_curve
1.3,0.4818181818181818,,0.00010445176519128125,pred_curve
1.3,0.49090909090909085,,0.00010518172335716535,pred_curve
1.3,0.5,,0.00010589485586031322,pred_curve
1.3,0.509090909090909,,0.00010659173782405897,pred_curve
1.3,0.5181818181818182,,0.00010727291845571961,pred_curve
1.3,0.5272727272727272,,0.00010793892249010695,pred_curve
1.3,0.5363636363636364,,0.0001085902515376189,pred_curve
1.3,0.5454545454545454,,0.00010922738534418872,pred_curve
1.3,0.5545454545454546,,0.00010985078296974343,pred_curve
1.3,0.5636363636363636,,0.00011046088389125439,pred_curve
1.3,0.5727272727272728,,0.00011105810903595086,pred_curve
1.3,0.5818181818181818,,0.0001116428617498005,pred_curve
1.3,0.5909090909090909,,0.00011221552870593973,pred_curve
1.3,0.6,,0.00011277648075735366,pred_curve
1.3,0.609090909090909,,0.00011332607373775663,pred_curve
1.3,0.6181818181818182,,0.00011386464921430762,pred_curve
1.3,0.6272727272727272,,0.00011439253519550682,pred_curve
1.3,0.6363636363636364,,0.000114910046797356,pred_curve
1.3,0.6454545454545454,,0.00011541748687062529,pred_curve
1.3,0.6545454545454545,,0.00011591514659185056,pred_curve
1.3,0.6636363636363636,,0.00011640330602048441,pred_curve
1.3,0.6727272727272727,,0.00011688223462444087,pred_curve
1.3,0.6818181818181818,,0.00011735219177610606,pred_curve
1.3,0.6909090909090908,,0.00011781342722073328,pred_curve
1.3,0.7,,0.00011826618151899964,pred_curve
1.3,0.709090909090909,,0.00011871068646537202,pred_curve
1.3,0.7181818181818181,,0.00011914716548381117,pred_curve
1.3,0.7272727272727272,,0.00011957583400223325,pred_curve
1.3,0.7363636363636363,,0.00011999689980704739,pred_curve
1.3,0.7454545454545454,,0.00012041056337899518,pred_curve
1.3,0.7545454545454545,,0.00012081701821143263,pred_curve
1.3,0.7636363636363636,,0.00012121645111211609,pred_curve
1.3,0.7727272727272727,,0.00012160904248948122,pred_curve
1.3,0.7818181818181817,,0.00012199496662433648,pred_curve
1.3,0.7909090909090909,,0.00012237439192783114,pred_curve
1.3,0.7999999999999999,,0.00012274748118649954,pred_curve
1.3,0.8090909090909091,,0.00012311439179513143,pred_curve
1.3,0.8181818181818181,,0.00012347527597816725,pred_curve
1.3,0.8272727272727273,,0.00012383028100027346,pred_curve
1.3,0.8363636363636363,,0.0001241795493667097,pred_curve
1.3,0.8454545454545453,,0.00012452321901405995,pred_curve
1.3,0.8545454545454545,,0.00012486142349186498,pred_curve
1.3,0.8636363636363635,,0.00012519429213565748,pred_curve
1.3,0.8727272727272727,,0.0001255219502318719,pred_curve
1.3,0.8818181818181817,,0.00012584451917506954,pred_curve
1.3,0.8909090909090909,,0.00012616211661789495,pred_curve
1.3,0.8999999999999999,,0.00012647485661415088,pred_curve
1.3,0.9090909090909091,,0.00012678284975535937,pred_curve
1.3,0.9181818181818181,,0.0001270862033011504,pred_curve
1.3,0.9272727272727272,,0.00012738502130380292,pred_curve
1.3,0.9363636363636363,,0.00012767940472724047,pred_curve
1.3,0.9454545454545454,,0.0001279694515607686,pred_curve
1.3,0.9545454545454545,,0.00012825525692782214,pred_curve
1.3,0.9636363636363636,,0.0001285369131899766,pred_curve
1.3,0.9727272727272727,,0.00012881451004646228,pred_curve
1.3,0.9818181818181817,,0.00012908813462940636,pred_curve
1.3,0.9909090909090909,,0.0001293578715950154,pred_curve
1.3,1.0,,0.00012962380321089885,pred_curve
1.5,0.1,4.421817162394395e-05,4.7418992602374005e-05,observed
1.5,0.2,7.609458477019672e-05,7.674142846587932e-05,observed
1.5,0.3,9.609190003534709e-05,9.666664864685792e-05,observed
1.5,0.4,0.0001132572667721,0.00011108816961192316,observed
1.5,0.5,0.0001237186241784,0.00012200960373303311,observed
1.5,0.6,0.0001323202725759,0.00013056726110567658,observed
1.5,0.7,0.0001376332171496,0.000137453609502906,observed
1.5,0.8,0.0001449218632043,0.00014311470145648444,observed
1.5,0.9,0.000146344440956,0.00014785082861198666,observed
1.5,1.0,0.0001486979795153,0.00015187156461751763,observed
1.5,0.1,,4.7418992602374005e-05,pred_curve
1.5,0.1090909090909091,,5.064412848868531e-05,pred_curve
1.5,0.1181818181818182,,5.373667180988254e-05,pred_curve
1.5,0.1272727272727273,,5.6704634635220736e-05,pred_curve
1.5,0.13636363636363635,,5.9555396260441684e-05,pred_curve
1.5,0.14545454545454545,,6.229576446686943e-05,pred_curve
1.5,0.15454545454545454,,6.493202979905566e-05,pred_curve
1.5,0.16363636363636364,,6.747001377192761e-05,pred_curve
1.5,0.17272727272727273,,6.991511178503346e-05,pred_curve
1.5,0.18181818181818182,,7.227233140969137e-05,pred_curve
1.5,0.19090909090909092,,7.45463266208199e-05,pred_curve
1.5,0.2,,7.674142846587932e-05,pred_curve
1.5,0.2090909090909091,,7.886167259618119e-05,pred_curve
1.5,0.2181818181818182,,8.091082402878845e-05,pred_curve
1.5,0.22727272727272727,,8.289239945865428e-05,pred_curve
1.5,0.23636363636363636,,8.4809687399169e-05,pred_curve
1.5,0.24545454545454545,,8.666576639376059e-05,pred_curve
1.5,0.2545454545454545,,8.846352151069698e-05,pred_curve
1.5,0.26363636363636367,,9.020565930698464e-05,pred_curve
1.5,0.2727272727272727,,9.189472142460393e-05,pred_curve
1.5,0.28181818181818186,,9.353309696272833e-05,pred_curve
1.5,0.2909090909090909,,9.512303375258535e-05,pred_curve
1.5,0.3,,9.666664864685792e-05,pred_curve
1.5,0.3090909090909091,,9.816593692267065e-05,pred_curve
1.5,0.3181818181818182,,9.962278088599104e-05,pred_curve
1.5,0.32727272727272727,,0.00010103895775546712,pred_curve
1.5,0.33636363636363636,,0.00010241614689513293,pred_curve
1.5,0.34545454545454546,,0.00010375593645786993,pred_curve
1.5,0.3545454545454545,,0.00010505982949488046,pred_curve
1.5,0.36363636363636365,,0.00010632924958058541,pred_curve
1.5,0.3727272727272727,,0.00010756554599720158,pred_curve
1.5,0.38181818181818183,,0.00010876999851869389,pred_curve
1.5,0.3909090909090909,,0.00010994382182975991,pred_curve
1.5,0.4,,0.00011108816961192316,pred_curve
1.5,0.40909090909090906,,0.00011220413832562885,pred_curve
1.5,0.4181818181818182,,0.00011329277071440604,pred_curve
1.5,0.42727272727272725,,0.00011435505905463535,pred_curve
1.5,0.4363636363636364,,0.00011539194817221198,pred_curve
1.5,0.44545454545454544,,0.00011640433824538026,pred_curve
1.5,0.4545454545454546,,0.00011739308741121696,pred_curve
1.5,0.4636363636363636,,0.00011835901419162476,pred_curve
1.5,0.47272727272727266,,0.00011930289975325192,pred_curve
1.5,0.4818181818181818,,0.0001202254900144515,pred_curve
1.5,0.49090909090909085,,0.00012112749761122395,pred_curve
1.5,0.5,,0.00012200960373303311,pred_curve
1.5,0.509090909090909,,0.00012287245983843385,pred_curve
1.5,0.5181818181818182,,0.00012371668925959315,pred_curve
1.5,0.5272727272727272,,0.0001245428887040088,pred_curve
1.5,0.5363636363636364,,0.00012535162966102975,pred_curve
1.5,0.5454545454545454,,0.0001261434597201444,pred_curve
1.5,0.5545454545454546,,0.00012691890380742789,pred_curve
1.5,0.5636363636363636,,0.00012767846534601497,pred_curve
1.5,0.5727272727272728,,0.00012842262734599018,pred_curve
1.5,0.5818181818181818,,0.00012915185342865233,pred_curve
1.5,0.5909090909090909,,0.00012986658878971937,pred_curve
1.5,0.6,,0.00013056726110567658,pred_curve
1.5,0.609090909090909,,0.0001312542813871472,pred_curve
1.5,0.6181818181818182,,0.00013192804478286203,pred_curve
1.5,0.6272727272727272,,0.00013258893133753346,pred_curve
1.5,0.6363636363636364,,0.00013323730670668747,pred_curve
1.5,0.6454545454545454,,0.00013387352283127918,pred_curve
1.5,0.6545454545454545,,0.00013449791857470694,pred_curve
1.5,0.6636363636363636,,0.0001351108203246477,pred_curve
1.5,0.6727272727272727,,0.0001357125425619592,pred_curve
1.5,0.6818181818181818,,0.00013630338839873274,pred_curve
1.5,0.6909090909090908,,0.00013688365008743082,pred_curve
1.5,0.7,,0.000137453609502906,pred_curve
1.5,0.709090909090909,,0.00013801353859897183,pred_curve
1.5,0.7181818181818181,,0.00013856369984107926,pred_curve
1.5,0.7272727272727272,,0.0001391043466165452,pred_curve
1.5,0.7363636363636363,,0.00013963572362367976,pred_curve
1.5,0.7454545454545454,,0.00014015806724106838,pred_curve
1.5,0.7545454545454545,,0.00014067160587817923,pred_curve
1.5,0.7636363636363636,,0.00014117656030838844,pred_curve
1.5,0.7727272727272727,,0.00014167314398544364,pred_curve
1.5,0.7818181818181817,,0.00014216156334431835,pred_curve
1.5,0.7909090909090909,,0.00014264201808734858,pred_curve
1.5,0.7999999999999999,,0.00014311470145648444,pred_curve
1.5,0.8090909090909091,,0.00014357980049243673,pred_curve
1.5,0.8181818181818181,,0.00014403749628144873,pred_curve
1.5,0.8272727272727273,,0.00014448796419037674,pred_curve
1.5,0.8363636363636363,,0.00014493137409072102,pred_curve
1.5,0.8454545454545453,,0.00014536789057220803,pred_curve
1.5,0.8545454545454545,,0.00014579767314648818,pred_curve
1.5,0.8636363636363635,,0.00014622087644147868,pred_curve
1.5,0.8727272727272727,,0.00014663765038684922,pred_curve
1.5,0.8818181818181817,,0.00014704814039111718,pred_curve
1.5,0.8909090909090909,,0.0001474524875107928,pred_curve
1.5,0.8999999999999999,,0.00014785082861198663,pred_curve
1.5,0.9090909090909091,,0.000148243296524869,pred_curve
1.5,0.9181818181818181,,0.0001486300201913472,pred_curve
1.5,0.9272727272727272,,0.00014901112480630575,pred_curve
1.5,0.9363636363636363,,0.00014938673195273396,pred_curve
1.5,0.9454545454545454,,0.0001497569597310482,pred_curve
1.5,0.9545454545454545,,0.00015012192288289697,pred_curve
1.5,0.9636363636363636,,0.00015048173290972195,pred_curve
1.5,0.9727272727272727,,0.00015083649818633182,pred_curve
1.5,0.9818181818181817,,0.0001511863240697329,pred_curve
1.5,0.9909090909090909,,0.0001515313130034444,pred_curve
1.5,1.0,,0.00015187156461751763,pred_curve
1.7,0.1,4.8024236570906995e-05,5.190446368585848e-05,observed
1.7,0.2,8.406109833530509e-05,8.532547803707511e-05,observed
1.7,0.3,0.000109500182909,0.00010864389004936884,observed
1.7,0.4,0.0001268105016102,0.00012583902508841286,observed
1.7,0.5,0.0001416124790081,0.00013904286471879893,observed
1.7,0.6,0.0001518231530984,0.00014950057225034637,observed
1.7,0.7,0.0001568950205851,0.00015798816026795366,observed
1.7,0.8,0.0001667097528389,0.00016501442670502407,observed
1.7,0.9,0.0001709701487878,0.0001709268552549764,observed
1.7,1.0,0.0001718511296956,0.00017597085100350495,observed
1.7,0.1,,5.190446368585848e-05,pred_curve
1.7,0.1090909090909091,,5.552950935774819e-05,pred_curve
1.7,0.1181818181818182,,5.9017189352282254e-05,pred_curve
1.7,0.1272727272727273,,6.237516638584389e-05,pred_curve
1.7,0.13636363636363635,,6.561054364310715e-05,pred_curve
1.7,0.14545454545454545,,6.872991493271607e-05,pred_curve
1.7,0.15454545454545454,,7.173940954291537e-05,pred_curve
1.7,0.16363636363636364,,7.464473243923512e-05,pred_curve
1.7,0.17272727272727273,,7.745120035894019e-05,pred_curve
1.7,0.18181818181818182,,8.016377428272066e-05,pred_curve
1.7,0.19090909090909092,,8.27870887008584e-05,pred_curve
1.7,0.2,,8.532547803707511e-05,pred_curve
1.7,0.2090909090909091,,8.778300054698438e-05,pred_curve
1.7,0.2181818181818182,,9.016345996831814e-05,pred_curve
1.7,0.22727272727272727,,9.247042516586759e-05,pred_curve
1.7,0.23636363636363636,,9.470724798453438e-05,pred_curve
1.7,0.24545454545454545,,9.687707949832143e-05,pred_curve
1.7,0.2545454545454545,,9.898288482092532e-05,pred_curve
1.7,0.26363636363636367,,0.00010102745662432205,pred_curve
1.7,0.2727272727272727,,0.00010301342749495534,pred_curve
1.7,0.28181818181818186,,0.00010494328124248708,pred_curve
1.7,0.2909090909090909,,0.0001068193632632567,pred_curve
1.7,0.3,,0.00010864389004936884,pred_curve
1.7,0.3090909090909091,,0.00011041895792446964,pred_curve
1.7,0.3181818181818182,,0.00011214655107859994,pred_curve
1.7,0.32727272727272727,,0.00011382854896687246,pred_curve
1.7,0.33636363636363636,,0.00011546673312997293,pred_curve
1.7,0.34545454545454546,,0.00011706279348851961,pred_curve
1.7,0.3545454545454545,,0.00011861833415803265,pred_curve
1.7,0.36363636363636365,,0.00012013487882657488,pred_curve
1.7,0.3727272727272727,,0.00012161387573296157,pred_curve
1.7,0.38181818181818183,,0.00012305670227972916,pred_curve
1.7,0.3909090909090909,,0.0001244646693117474,pred_curve
1.7,0.4,,0.00012583902508841286,pred_curve
1.7,0.40909090909090906,,0.00012718095897472202,pred_curve
1.7,0.4181818181818182,,0.00012849160487416673,pred_curve
1.7,0.42727272727272725,,0.0001297720444242758,pred_curve
1.7,0.4363636363636364,,0.00013102330997373193,pred_curve
1.7,0.44545454545454544,,0.00013224638735828554,pred_curve
1.7,0.4545454545454546,,0.00013344221849115307,pred_curve
1.7,0.4636363636363636,,0.00013461170378220504,pred_curve
1.7,0.47272727272727266,,0.00013575570439900182,pred_curve
1.7,0.4818181818181818,,0.00013687504438160948,pred_curve
1.7,0.49090909090909085,,0.00013797051262211,pred_curve
1.7,0.5,,0.00013904286471879893,pred_curve
1.7,0.509090909090909,,0.00014009282471422896,pred_curve
1.7,0.5181818181818182,,0.00014112108672550047,pred_curve
1.7,0.5272727272727272,,0.00014212831647451358,pred_curve
1.7,0.5363636363636364,,0.00014311515272527042,pred_curve
1.7,0.5454545454545454,,0.00014408220863474877,pred_curve
1.7,0.5545454545454546,,0.00014503007302335007,pred_curve
1.7,0.5636363636363636,,0.0001459593115704536,pred_curve
1.7,0.5727272727272728,,0.00014687046794017699,pred_curve
1.7,0.5818181818181818,,0.00014776406484205096,pred_curve
1.7,0.5909090909090909,,0.00014864060503095702,pred_curve
1.7,0.6,,0.00014950057225034637,pred_curve
1.7,0.609090909090909,,0.0001503444321224591,pred_curve
1.7,0.6181818181818182,,0.0001511726329889856,pred_curve
1.7,0.6272727272727272,,0.000151985606705359,pred_curve
1.7,0.6363636363636364,,0.00015278376939163586,pred_curve
1.7,0.6454545454545454,,0.00015356752214270759,pred_curve
1.7,0.6545454545454545,,0.00015433725170039007,pred_curve
1.7,0.6636363636363636,,0.00015509333108975726,pred_curve
1.7,0.6727272727272727,,0.0001558361202219184,pred_curve
1.7,0.6818181818181818,,0.00015656596646528584,pred_curve
1.7,0.6909090909090908,,0.00015728320518723827,pred_curve
1.7,0.7,,0.00015798816026795366,pred_curve
1.7,0.709090909090909,,0.0001586811445880664,pred_curve
1.7,0.7181818181818181,,0.000159362460491691,pred_curve
1.7,0.7272727272727272,,0.00016003240022625175,pred_curve
1.7,0.7363636363636363,,0.00016069124636046325,pred_curve
1.7,0.7454545454545454,,0.000161339272181717,pred_curve
1.7,0.7545454545454545,,0.00016197674207404854,pred_curve
1.7,0.7636363636363636,,0.0001626039118777832,pred_curve
1.7,0.7727272727272727,,0.00016322102923188865,pred_curve
1.7,0.7818181818181817,,0.00016382833389999585,pred_curve
1.7,0.7909090909090909,,0.00016442605808099118,pred_curve
1.7,0.7999999999999999,,0.00016501442670502405,pred_curve
1.7,0.8090909090909091,,0.00016559365771572345,pred_curve
1.7,0.8181818181818181,,0.00016616396233936655,pred_curve
1.7,0.8272727272727273,,0.00016672554534169883,pred_curve
1.7,0.8363636363636363,,0.0001672786052730604,pred_curve
1.7,0.8454545454545453,,0.00016782333470243598,pred_curve
1.7,0.8545454545454545,,0.00016835992044100765,pred_curve
1.7,0.8636363636363635,,0.00016888854375575574,pred_curve
1.7,0.8727272727272727,,0.00016940938057362066,pred_curve
1.7,0.8818181818181817,,0.00016992260167670927,pred_curve
1.7,0.8909090909090909,,0.00017042837288900003,pred_curve
1.7,0.8999999999999999,,0.00017092685525497636,pred_curve
1.7,0.9090909090909091,,0.00017141820521059226,pred_curve
1.7,0.9181818181818181,,0.00017190257474695116,pred_curve
1.7,0.9272727272727272,,0.0001723801115670583,pred_curve
1.7,0.9363636363636363,,0.00017285095923598567,pred_curve
1.7,0.9454545454545454,,0.00017331525732477065,pred_curve
1.7,0.9545454545454545,,0.00017377314154835114,pred_curve
1.7,0.9636363636363636,,0.00017422474389782334,pred_curve
1.7,0.9727272727272727,,0.00017467019276729362,pred_curve
1.7,0.9818181818181817,,0.00017510961307557946,pred_curve
1.7,0.9909090909090909,,0.00017554312638300284,pred_curve
1.7,1.0,,0.00017597085100350495,pred_curve
1.9,0.1,5.147992932734884e-05,5.52615890864373e-05,observed
1.9,0.2,9.172099777329454e-05,9.288083953934582e-05,observed
1.9,0.3,0.0001197038415393,0.00012014330179887057,observed
1.9,0.4,0.0001427944289594,0.00014080840221235297,observed
1.9,0.5,0.0001595505314547,0.0001570124409372004,observed
1.9,0.6,0.0001725402224739,0.0001700592303360679,observed
1.9,0.7,0.0001805108272705,0.00018078960817512652,observed
1.9,0.8,0.0001891849514093,0.00018977018103680243,observed
1.9,0.9,0.000196967364283,0.00019739669344932804,observed
1.9,1.0,0.0002015885776575,0.0002039539178894108,observed
1.9,0.1,,5.52615890864373e-05,pred_curve
1.9,0.1090909090909091,,5.9262044019476475e-05,pred_curve
1.9,0.1181818181818182,,6.312895283599901e-05,pred_curve
1.9,0.1272727272727273,,6.686889295136305e-05,pred_curve
1.9,0.13636363636363635,,7.048801682299016e-05,pred_curve
1.9,0.14545454545454545,,7.399208572478463e-05,pred_curve
1.9,0.15454545454545454,,7.738650035080172e-05,pred_curve
1.9,0.16363636363636364,,8.067632859009842e-05,pred_curve
1.9,0.17272727272727273,,8.386633077319612e-05,pred_curve
1.9,0.18181818181818182,,8.696098265466603e-05,pred_curve
1.9,0.19090909090909092,,8.99644963651884e-05,pred_curve
1.9,0.2,,9.288083953934582e-05,pred_curve
1.9,0.2090909090909091,,9.571375280180947e-05,pred_curve
1.9,0.2181818181818182,,9.84667657739691e-05,pred_curve
1.9,0.22727272727272727,,0.00010114321174503041,pred_curve
1.9,0.23636363636363636,,0.00010374624113580028,pred_curve
1.9,0.24545454545454545,,0.00010627883386950243,pred_curve
1.9,0.2545454545454545,,0.00010874381075175486,pred_curve
1.9,0.26363636363636367,,0.00011114384395107723,pred_curve
1.9,0.2727272727272727,,0.00011348146666179248,pred_curve
1.9,0.28181818181818186,,0.00011575908202278136,pred_curve
1.9,0.2909090909090909,,0.00011797897135810104,pred_curve
1.9,0.3,,0.00012014330179887057,pred_curve
1.9,0.3090909090909091,,0.00012225413333995277,pred_curve
1.9,0.3181818181818182,,0.00012431342537973377,pred_curve
1.9,0.32727272727272727,,0.00012632304278664135,pred_curve
1.9,0.33636363636363636,,0.00012828476153188168,pred_curve
1.9,0.34545454545454546,,0.00013020027392415573,pred_curve
1.9,0.3545454545454545,,0.00013207119347878526,pred_curve
1.9,0.36363636363636365,,0.00013389905945069403,pred_curve
1.9,0.3727272727272727,,0.00013568534105800996,pred_curve
1.9,0.38181818181818183,,0.00013743144142064573,pred_curve
1.9,0.3909090909090909,,0.00013913870123604798,pred_curve
1.9,0.4,,0.00014080840221235297,pred_curve
1.9,0.40909090909090906,,0.00014244177027742408,pred_curve
1.9,0.4181818181818182,,0.00014403997858065726,pred_curve
1.9,0.42727272727272725,,0.00014560415030300024,pred_curve
1.9,0.4363636363636364,,0.0001471353612893313,pred_curve
1.9,0.44545454545454544,,0.00014863464251616175,pred_curve
1.9,0.4545454545454546,,0.00015010298240655725,pred_curve
1.9,0.4636363636363636,,0.00015154132900320068,pred_curve
1.9,0.47272727272727266,,0.00015295059200963625,pred_curve
1.9,0.4818181818181818,,0.00015433164470892983,pred_curve
1.9,0.49090909090909085,,0.00015568532576824923,pred_curve
1.9,0.5,,0.0001570124409372004,pred_curve
1.9,0.509090909090909,,0.00015831376464714596,pred_curve
1.9,0.5181818181818182,,0.00015959004151817628,pred_curve
1.9,0.5272727272727272,,0.0001608419877798957,pred_curve
1.9,0.5363636363636364,,0.00016207029261171855,pred_curve
1.9,0.5454545454545454,,0.00016327561940794683,pred_curve
1.9,0.5545454545454546,,0.0001644586069725074,pred_curve
1.9,0.5636363636363636,,0.00016561987064787055,pred_curve
1.9,0.5727272727272728,,0.0001667600033823412,pred_curve
1.9,0.5818181818181818,,0.00016787957673961262,pred_curve
1.9,0.5909090909090909,,0.00016897914185419415,pred_curve
1.9,0.6,,0.0001700592303360679,pred_curve
1.9,0.609090909090909,,0.00017112035512769545,pred_curve
1.9,0.6181818181818182,,0.00017216301131627612,pred_curve
1.9,0.6272727272727272,,0.00017318767690395985,pred_curve
1.9,0.6363636363636364,,0.00017419481353853202,pred_curve
1.9,0.6454545454545454,,0.00017518486720691698,pred_curve
1.9,0.6545454545454545,,0.0001761582688936884,pred_curve
1.9,0.6636363636363636,,0.0001771154352066304,pred_curve
1.9,0.6727272727272727,,0.00017805676897125582,pred_curve
1.9,0.6818181818181818,,0.00017898265979606487,pred_curve
1.9,0.6909090909090908,,0.00017989348461020996,pred_curve
1.9,0.7,,0.00018078960817512652,pred_curve
1.9,0.709090909090909,,0.00018167138357158707,pred_curve
1.9,0.7181818181818181,,0.0001825391526635468,pred_curve
1.9,0.7272727272727272,,0.00018339324654005946,pred_curve
1.9,0.7363636363636363,,0.000184233985936464,pred_curve
1.9,0.7454545454545454,,0.0001850616816359679,pred_curve
1.9,0.7545454545454545,,0.0001858766348526827,pred_curve
1.9,0.7636363636363636,,0.00018667913759710494,pred_curve
1.9,0.7727272727272727,,0.0001874694730249721,pred_curve
1.9,0.7818181818181817,,0.0001882479157703709,pred_curve
1.9,0.7909090909090909,,0.00018901473226392,pred_curve
1.9,0.7999999999999999,,0.00018977018103680243,pred_curve
1.9,0.8090909090909091,,0.00019051451301137532,pred_curve
1.9,0.8181818181818181,,0.00019124797177904468,pred_curve
1.9,0.8272727272727273,,0.00019197079386605036,pred_curve
1.9,0.8363636363636363,,0.00019268320898777126,pred_curve
1.9,0.8454545454545453,,0.0001933854402921248,pred_curve
1.9,0.8545454545454545,,0.00019407770459260225,pred_curve
1.9,0.8636363636363635,,0.0001947602125914514,pred_curve
1.9,0.8727272727272727,,0.00019543316909348936,pred_curve
1.9,0.8818181818181817,,0.00019609677321100056,pred_curve
1.9,0.8909090909090909,,0.00019675121856015142,pred_curve
1.9,0.8999999999999999,,0.00019739669344932804,pred_curve
1.9,0.9090909090909091,,0.00019803338105978206,pred_curve
1.9,0.9181818181818181,,0.00019866145961894857,pred_curve
1.9,0.9272727272727272,,0.0001992811025667809,pred_curve
1.9,0.9363636363636363,,0.00019989247871542753,pred_curve
1.9,0.9454545454545454,,0.00020049575240256112,pred_curve
1.9,0.9545454545454545,,0.000201091083638651,pred_curve
1.9,0.9636363636363636,,0.0002016786282484574,pred_curve
1.9,0.9727272727272727,,0.00020225853800700922,pred_curve
1.9,0.9818181818181817,,0.00020283096077031564,pred_curve
1.9,0.9909090909090909,,0.00020339604060104716,pred_curve
1.9,1.0,,0.0002039539178894108,pred_curve
2.1,0.1,5.524932623355839e-05,6.0183730634890706e-05,observed
2.1,0.2,9.898186395836156e-05,0.0001020826437305358,observed
2.1,0.3,0.000134426601507,0.00013293068932328486,observed
2.1,0.4,0.000158186521869,0.00015659049327998358,observed
2.1,0.5,0.0001762808372902,0.000175312385205425,observed
2.1,0.6,0.0001939266934044,0.00019049614307917596,observed
2.1,0.7,0.0002064237974559,0.0002030581509951307,observed
2.1,0.8,0.0002160018654935,0.00021362348253655178,observed
2.1,0.9,0.0002172593776766,0.00022263313491482388,observed
2.1,1.0,0.0002275701219476,0.00023040714266426028,observed
2.1,0.1,,6.0183730634890706e-05,pred_curve
2.1,0.1090909090909091,,6.460301977198027e-05,pred_curve
2.1,0.1181818181818182,,6.888292576317536e-05,pred_curve
2.1,0.1272727272727273,,7.302994039222857e-05,pred_curve
2.1,0.13636363636363635,,7.705015846535794e-05,pred_curve
2.1,0.14545454545454545,,8.09493076986863e-05,pred_curve
2.1,0.15454545454545454,,8.473277594555533e-05,pred_curve
2.1,0.16363636363636364,,8.840563603590125e-05,pred_curve
2.1,0.17272727272727273,,9.197266846850857e-05,pred_curve
2.1,0.18181818181818182,,9.543838216959712e-05,pred_curve
2.1,0.19090909090909092,,9.880703350728593e-05,pred_curve
2.1,0.2,,0.0001020826437305358,pred_curve
2.1,0.2090909090909091,,0.00010526901498280064,pred_curve
2.1,0.2181818181818182,,0.00010836974502446498,pred_curve
2.1,0.22727272727272727,,0.00011138824078392294,pred_curve
2.1,0.23636363636363636,,0.00011432773084460493,pred_curve
2.1,0.24545454545454545,,0.00011719127696416887,pred_curve
2.1,0.2545454545454545,,0.00011998178471225697,pred_curve
2.1,0.26363636363636367,,0.0001227020133045142,pred_curve
2.1,0.2727272727272727,,0.0001253545847028351,pred_curve
2.1,0.28181818181818186,,0.00012794199204493092,pred_curve
2.1,0.2909090909090909,,0.0001304666074601826,pred_curve
2.1,0.3,,0.00013293068932328486,pred_curve
2.1,0.3090909090909091,,0.0001353363889923011,pred_curve
2.1,0.3181818181818182,,0.0001376857570733869,pred_curve
2.1,0.32727272727272727,,0.0001399807492505234,pred_curve
2.1,0.33636363636363636,,0.00014222323171509578,pred_curve
2.1,0.34545454545454546,,0.00014441498622699904,pred_curve
2.1,0.3545454545454545,,0.00014655771483611767,pred_curve
2.1,0.36363636363636365,,0.00014865304429047542,pred_curve
2.1,0.3727272727272727,,0.00015070253015504734,pred_curve
2.1,0.38181818181818183,,0.00015270766066315225,pred_curve
2.1,0.3909090909090909,,0.00015466986032046398,pred_curve
2.1,0.4,,0.00015659049327998358,pred_curve
2.1,0.40909090909090906,,0.00015847086650477632,pred_curve
2.1,0.4181818181818182,,0.00016031223273388207,pred_curve
2.1,0.42727272727272725,,0.00016211579326554375,pred_curve
2.1,0.4363636363636364,,0.00016388270057074775,pred_curve
2.1,0.44545454545454544,,0.00016561406074902394,pred_curve
2.1,0.4545454545454546,,0.00016731093583750324,pred_curve
2.1,0.4636363636363636,,0.00016897434598336016,pred_curve
2.1,0.47272727272727266,,0.00017060527148897924,pred_curve
2.1,0.4818181818181818,,0.00017220465473846035,pred_curve
2.1,0.49090909090909085,,0.0001737734020134176,pred_curve
2.1,0.5,,0.000175312385205425,pred_curve
2.1,0.509090909090909,,0.00017682244343190524,pred_curve
2.1,0.5181818181818182,,0.00017830438456175693,pred_curve
2.1,0.5272727272727272,,0.0001797589866565457,pred_curve
2.1,0.5363636363636364,,0.00018118699933266372,pred_curve
2.1,0.5454545454545454,,0.00018258914504946548,pred_curve
2.1,0.5545454545454546,,0.0001839661203280337,pred_curve
2.1,0.5636363636363636,,0.00018531859690489234,pred_curve
2.1,0.5727272727272728,,0.00018664722282468385,pred_curve
2.1,0.5818181818181818,,0.00018795262347554373,pred_curve
2.1,0.5909090909090909,,0.000189235402570649,pred_curve
2.1,0.6,,0.00019049614307917596,pred_curve
2.1,0.609090909090909,,0.00019173540810968475,pred_curve
2.1,0.6181818181818182,,0.00019295374174874196,pred_curve
2.1,0.6272727272727272,,0.0001941516698574057,pred_curve
2.1,0.6363636363636364,,0.00019532970082802303,pred_curve
2.1,0.6454545454545454,,0.0001964883263036273,pred_curve
2.1,0.6545454545454545,,0.00019762802186207434,pred_curve
2.1,0.6636363636363636,,0.00019874924766691797,pred_curve
2.1,0.6727272727272727,,0.00019985244908689558,pred_curve
2.1,0.6818181818181818,,0.0002009380572857761,pred_curve
2.1,0.6909090909090908,,0.0002020064897842116,pred_curve
2.1,0.7,,0.0002030581509951307,pred_curve
2.1,0.709090909090909,,0.00020409343273411566,pred_curve
2.1,0.7181818181818181,,0.00020511271470611704,pred_curve
2.1,0.7272727272727272,,0.000206116364969775,pred_curve
2.1,0.7363636363636363,,0.00020710474038054106,pred_curve
2.1,0.7454545454545454,,0.00020807818701372075,pred_curve
2.1,0.7545454545454545,,0.0002090370405684903,pred_curve
2.1,0.7636363636363636,,0.00020998162675387854,pred_curve
2.1,0.7727272727272727,,0.00021091226165764634,pred_curve
2.1,0.7818181818181817,,0.0002118292520989413,pred_curve
2.1,0.7909090909090909,,0.00021273289596555336,pred_curve
2.1,0.7999999999999999,,0.00021362348253655176,pred_curve
2.1,0.8090909090909091,,0.0002145012927910356,pred_curve
2.1,0.8181818181818181,,0.00021536659970369142,pred_curve
2.1,0.8272727272727273,,0.00021621966852781034,pred_curve
2.1,0.8363636363636363,,0.0002170607570663815,pred_curve
2.1,0.8454545454545453,,0.00021789011593184368,pred_curve
2.1,0.8545454545454545,,0.0002187079887950446,pred_curve
2.1,0.8636363636363635,,0.00021951461262392771,pred_curve
2.1,0.8727272727272727,,0.00022031021791243767,pred_curve
2.1,0.8818181818181817,,0.00022109502890010877,pred_curve
2.1,0.8909090909090909,,0.00022186926378277592,pred_curve
2.1,0.8999999999999999,,0.00022263313491482388,pred_curve
2.1,0.9090909090909091,,0.0002233868490033688,pred_curve
2.1,0.9181818181818181,,0.00022413060729474505,pred_curve
2.1,0.9272727272727272,,0.00022486460575365022,pred_curve
2.1,0.9363636363636363,,0.0002255890352352843,pred_curve
2.1,0.9454545454545454,,0.00022630408165079952,pred_curve
2.1,0.9545454545454545,,0.00022700992612636293,pred_curve
2.1,0.9636363636363636,,0.00022770674515611714,pred_curve
2.1,0.9727272727272727,,0.00022839471074931092,pred_curve
2.1,0.9818181818181817,,0.00022907399057185704,pred_curve
2.1,0.9909090909090909,,0.00022974474808256195,pred_curve
2.1,1.0,,0.00023040714266426028,pred_curve
2.3,0.1,5.921437409160471e-05,6.709173581471242e-05,observed
2.3,0.2,0.0001082674579062,0.00011410407752529023,observed
2.3,0.3,0.0001481516557275,0.00014887783761123567,observed
2.3,0.4,0.0001750556154654,0.00017564165181374066,observed
2.3,0.5,0.0001952531466086,0.0001968772631416551,observed
2.3,0.6,0.0002144666606128,0.00021413715301944354,observed
2.3,0.7,0.0002297496884889,0.00022844225154400978,observed
2.3,0.8,0.0002395620829208,0.0002404914960226598,observed
2.3,0.9,0.0002488178060288,0.00025077949564211515,observed
2.3,1.0,0.0002554318656136,0.0002596661129759103,observed
2.3,0.1,,6.709173581471242e-05,pred_curve
2.3,0.1090909090909091,,7.203853574858806e-05,pred_curve
2.3,0.1181818181818182,,7.683196817497964e-05,pred_curve
2.3,0.1272727272727273,,8.14790565841026e-05,pred_curve
2.3,0.13636363636363635,,8.598640205839839e-05,pred_curve
2.3,0.14545454545454545,,9.036021455778146e-05,pred_curve
2.3,0.15454545454545454,,9.46063414649366e-05,pred_curve
2.3,0.16363636363636364,,9.873029366659687e-05,pred_curve
2.3,0.17272727272727273,,0.00010273726941542472,pred_curve
2.3,0.18181818181818182,,0.00010663217618975218,pred_curve
2.3,0.19090909090909092,,0.00011041965074446628,pred_curve
2.3,0.2,,0.00011410407752529023,pred_curve
2.3,0.2090909090909091,,0.00011768960560021598,pred_curve
2.3,0.2181818181818182,,0.00012118016424555498,pred_curve
2.3,0.22727272727272727,,0.00012457947730969902,pred_curve
2.3,0.23636363636363636,,0.00012789107646497813,pred_curve
2.3,0.24545454545454545,,0.00013111831344675542,pred_curve
2.3,0.2545454545454545,,0.00013426437136892228,pred_curve
2.3,0.26363636363636367,,0.0001373322751960978,pred_curve
2.3,0.2727272727272727,,0.0001403249014449549,pred_curve
2.3,0.28181818181818186,,0.00014324498718007342,pred_curve
2.3,0.2909090909090909,,0.00014609513836345476,pred_curve
2.3,0.3,,0.00014887783761123567,pred_curve
2.3,0.3090909090909091,,0.00015159545140612908,pred_curve
2.3,0.3181818181818182,,0.0001542502368096325,pred_curve
2.3,0.32727272727272727,,0.00015684434771401888,pred_curve
2.3,0.33636363636363636,,0.000159379840670507,pred_curve
2.3,0.34545454545454546,,0.00016185868032675627,pred_curve
2.3,0.3545454545454545,,0.000164282744503901,pred_curve
2.3,0.36363636363636365,,0.00016665382894069753,pred_curve
2.3,0.3727272727272727,,0.0001689736517299729,pred_curve
2.3,0.38181818181818183,,0.00017124385747040966,pred_curve
2.3,0.3909090909090909,,0.0001734660211547504,pred_curve
2.3,0.4,,0.00017564165181374066,pred_curve
2.3,0.40909090909090906,,0.0001777721959335267,pred_curve
2.3,0.4181818181818182,,0.00017985904066277158,pred_curve
2.3,0.42727272727272725,,0.00018190351682443174,pred_curve
2.3,0.4363636363636364,,0.0001839069017459359,pred_curve
2.3,0.44545454545454544,,0.00018587042192041292,pred_curve
2.3,0.4545454545454546,,0.0001877952555106202,pred_curve
2.3,0.4636363636363636,,0.00018968253470631332,pred_curve
2.3,0.47272727272727266,,0.00019153334794496887,pred_curve
2.3,0.4818181818181818,,0.0001933487420050127,pred_curve
2.3,0.49090909090909085,,0.00019512972398001192,pred_curve
2.3,0.5,,0.0001968772631416551,pred_curve
2.3,0.509090909090909,,0.00019859229269876007,pred_curve
2.3,0.5181818181818182,,0.00020027571145901825,pred_curve
2.3,0.5272727272727272,,0.0002019283853996918,pred_curve
2.3,0.5363636363636364,,0.00020355114915303097,pred_curve
2.3,0.5454545454545454,,0.0002051448074117652,pred_curve
2.3,0.5545454545454546,,0.00020671013625964127,pred_curve
2.3,0.5636363636363636,,0.00020824788443162952,pred_curve
2.3,0.5727272727272728,,0.00020975877450809863,pred_curve
2.3,0.5818181818181818,,0.00021124350404696057,pred_curve
2.3,0.5909090909090909,,0.00021270274665751164,pred_curve
2.3,0.6,,0.00021413715301944354,pred_curve
2.3,0.609090909090909,,0.00021554735185026324,pred_curve
2.3,0.6181818181818182,,0.00021693395082414264,pred_curve
2.3,0.6272727272727272,,0.00021829753744502002,pred_curve
2.3,0.6363636363636364,,0.00021963867987658884,pred_curve
2.3,0.6454545454545454,,0.00022095792773163664,pred_curve
2.3,0.6545454545454545,,0.00022225581282303884,pred_curve
2.3,0.6636363636363636,,0.00022353284987856192,pred_curve
2.3,0.6727272727272727,,0.0002247895372214963,pred_curve
2.3,0.6818181818181818,,0.0002260263574190073,pred_curve
2.3,0.6909090909090908,,0.00022724377789997883,pred_curve
2.3,0.7,,0.00022844225154400978,pred_curve
2.3,0.709090909090909,,0.00022962221724312268,pred_curve
2.3,0.7181818181818181,,0.0002307841004376491,pred_curve
2.3,0.7272727272727272,,0.00023192831362766546,pred_curve
2.3,0.7363636363636363,,0.00023305525686127064,pred_curve
2.3,0.7454545454545454,,0.0002341653182009208,pred_curve
2.3,0.7545454545454545,,0.00023525887416896187,pred_curve
2.3,0.7636363636363636,,0.00023633629017343551,pred_curve
2.3,0.7727272727272727,,0.00023739792091516908,pred_curve
2.3,0.7818181818181817,,0.00023844411077710346,pred_curve
2.3,0.7909090909090909,,0.0002394751941967551,pred_curve
2.3,0.7999999999999999,,0.00024049149602265975,pred_curve
2.3,0.8090909090909091,,0.00024149333185559543,pred_curve
2.3,0.8181818181818181,,0.0002424810083753369,pred_curve
2.3,0.8272727272727273,,0.0002434548236536536,pred_curve
2.3,0.8363636363636363,,0.00024441506745422113,pred_curve
2.3,0.8454545454545453,,0.0002453620215200803,pred_curve
2.3,0.8545454545454545,,0.00024629595984924327,pred_curve
2.3,0.8636363636363635,,0.0002472171489590123,pred_curve
2.3,0.8727272727272727,,0.000248125848139548,pred_curve
2.3,0.8818181818181817,,0.00024902230969719167,pred_curve
2.3,0.8909090909090909,,0.00024990677918802464,pred_curve
2.3,0.8999999999999999,,0.00025077949564211515,pred_curve
2.3,0.9090909090909091,,0.00025164069177888556,pred_curve
2.3,0.9181818181818181,,0.0002524905942140065,pred_curve
2.3,0.9272727272727272,,0.00025332942365820444,pred_curve
2.3,0.9363636363636363,,0.0002541573951083485,pred_curve
2.3,0.9454545454545454,,0.0002549747180311657,pred_curve
2.3,0.9545454545454545,,0.000255781596539912,pred_curve
2.3,0.9636363636363636,,0.00025657822956431405,pred_curve
2.3,0.9727272727272727,,0.0002573648110140785,pred_curve
2.3,0.9818181818181817,,0.00025814152993624954,pred_curve
2.3,0.9909090909090909,,0.00025890857066668613,pred_curve
2.3,1.0,,0.0002596661129759103,pred_curve
2.5,0.1,6.277194105091615e-05,7.087644792905651e-05,observed
2.5,0.2,0.0001164557141869,0.00012244418188333433,observed
2.5,0.3,0.0001582262796009,0.00016164762087888523,observed
2.5,0.4,0.0001896336231887,0.0001924575728039141,observed
2.5,0.5,0.000216102223467,0.00021730895686018943,observed
2.5,0.6,0.0002403493322286,0.00023777791986533706,observed
2.5,0.7,0.0002555594112161,0.00025492975980017274,observed
2.5,0.8,0.000265898083918,0.00026951037836578064,observed
2.5,0.9,0.0002740498854368,0.00028205763566001497,observed
2.5,1.0,0.000288823035981,0.00029296915418212027,observed
2.5,0.1,,7.087644792905651e-05,pred_curve
2.5,0.1090909090909091,,7.622698511255784e-05,pred_curve
2.5,0.1181818181818182,,8.142838951161402e-05,pred_curve
2.5,0.1272727272727273,,8.648681047998927e-05,pred_curve
2.5,0.13636363636363635,,9.140806387134509e-05,pred_curve
2.5,0.14545454545454545,,9.619765434534471e-05,pred_curve
2.5,0.15454545454545454,,0.00010086079590706166,pred_curve
2.5,0.16363636363636364,,0.00010540243084081359,pred_curve
2.5,0.17272727272727273,,0.00010982724718296506,pred_curve
2.5,0.18181818181818182,,0.00011413969486355881,pred_curve
2.5,0.19090909090909092,,0.00011834400063361164,pred_curve
2.5,0.2,,0.00012244418188333433,pred_curve
2.5,0.2090909090909091,,0.000126444059446237,pred_curve
2.5,0.2181818181818182,,0.00013034726947489962,pred_curve
2.5,0.22727272727272727,,0.00013415727446599573,pred_curve
2.5,0.23636363636363636,,0.00013787737350483268,pred_curve
2.5,0.24545454545454545,,0.00014151071179311698,pred_curve
2.5,0.2545454545454545,,0.00014506028951778003,pred_curve
2.5,0.26363636363636367,,0.00014852897011342485,pred_curve
2.5,0.2727272727272727,,0.00015191948796621863,pred_curve
2.5,0.28181818181818186,,0.00015523445560279271,pred_curve
2.5,0.2909090909090909,,0.00015847637040387078,pred_curve
2.5,0.3,,0.00016164762087888523,pred_curve
2.5,0.3090909090909091,,0.00016475049253471087,pred_curve
2.5,0.3181818181818182,,0.0001677871733688217,pred_curve
2.5,0.32727272727272727,,0.00017075975901461536,pred_curve
2.5,0.33636363636363636,,0.0001736702575643334,pred_curve
2.5,0.34545454545454546,,0.00017652059409290193,pred_curve
2.5,0.3545454545454545,,0.00017931261490410975,pred_curve
2.5,0.36363636363636365,,0.00018204809151880423,pred_curve
2.5,0.3727272727272727,,0.00018472872442320897,pred_curve
2.5,0.38181818181818183,,0.00018735614659402824,pred_curve
2.5,0.3909090909090909,,0.00018993192681569378,pred_curve
2.5,0.4,,0.0001924575728039141,pred_curve
2.5,0.40909090909090906,,0.0001949345341485936,pred_curve
2.5,0.4181818181818182,,0.00019736420508819255,pred_curve
2.5,0.42727272727272725,,0.00019974792712668435,pred_curve
2.5,0.4363636363636364,,0.00020208699150343134,pred_curve
2.5,0.44545454545454544,,0.00020438264152553335,pred_curve
2.5,0.4545454545454546,,0.0002066360747715021,pred_curve
2.5,0.4636363636363636,,0.00020884844517446614,pred_curve
2.5,0.47272727272727266,,0.00021102086499252243,pred_curve
2.5,0.4818181818181818,,0.00021315440667330155,pred_curve
2.5,0.49090909090909085,,0.00021525010461931492,pred_curve
2.5,0.5,,0.00021730895686018943,pred_curve
2.5,0.509090909090909,,0.0002193319266374682,pred_curve
2.5,0.5181818181818182,,0.00022131994390726684,pred_curve
2.5,0.5272727272727272,,0.00022327390676570786,pred_curve
2.5,0.5363636363636364,,0.00022519468280172544,pred_curve
2.5,0.5454545454545454,,0.00022708311038152062,pred_curve
2.5,0.5545454545454546,,0.00022893999986866296,pred_curve
2.5,0.5636363636363636,,0.00023076613478356818,pred_curve
2.5,0.5727272727272728,,0.0002325622729058384,pred_curve
2.5,0.5818181818181818,,0.00023432914732272154,pred_curve
2.5,0.5909090909090909,,0.00023606746742673988,pred_curve
2.5,0.6,,0.00023777791986533706,pred_curve
2.5,0.609090909090909,,0.00023946116944521698,pred_curve
2.5,0.6181818181818182,,0.00024111785999387508,pred_curve
2.5,0.6272727272727272,,0.00024274861518066762,pred_curve
2.5,0.6363636363636364,,0.0002443540392996202,pred_curve
2.5,0.6454545454545454,,0.0002459347180160372,pred_curve
2.5,0.6545454545454545,,0.0002474912190788527,pred_curve
2.5,0.6636363636363636,,0.0002490240930005403,pred_curve
2.5,0.6727272727272727,,0.00025053387370629557,pred_curve
2.5,0.6818181818181818,,0.0002520210791540951,pred_curve
2.5,0.6909090909090908,,0.0002534862119271501,pred_curve
2.5,0.7,,0.00025492975980017274,pred_curve
2.5,0.709090909090909,,0.0002563521962807994,pred_curve
2.5,0.7181818181818181,,0.00025775398112743233,pred_curve
2.5,0.7272727272727272,,0.0002591355608446875,pred_curve
2.5,0.7363636363636363,,0.00026049736915757397,pred_curve
2.5,0.7454545454545454,,0.00026183982746545774,pred_curve
2.5,0.7545454545454545,,0.0002631633452768136,pred_curve
2.5,0.7636363636363636,,0.0002644683206257024,pred_curve
2.5,0.7727272727272727,,0.0002657551404708661,pred_curve
2.5,0.7818181818181817,,0.0002670241810782815,pred_curve
2.5,0.7909090909090909,,0.0002682758083879648,pred_curve
2.5,0.7999999999999999,,0.00026951037836578064,pred_curve
2.5,0.8090909090909091,,0.00027072823734096446,pred_curve
2.5,0.8181818181818181,,0.0002719297223300315,pred_curve
2.5,0.8272727272727273,,0.00027311516134770727,pred_curve
2.5,0.8363636363636363,,0.0002742848737054846,pred_curve
2.5,0.8454545454545453,,0.00027543917029837527,pred_curve
2.5,0.8545454545454545,,0.00027657835388039876,pred_curve
2.5,0.8636363636363635,,0.0002777027193293213,pred_curve
2.5,0.8727272727272727,,0.00027881255390112985,pred_curve
2.5,0.8818181818181817,,0.0002799081374747037,pred_curve
2.5,0.8909090909090909,,0.0002809897427871208,pred_curve
2.5,0.8999999999999999,,0.00028205763566001497,pred_curve
2.5,0.9090909090909091,,0.00028311207521737727,pred_curve
2.5,0.9181818181818181,,0.00028415331409517846,pred_curve
2.5,0.9272727272727272,,0.00028518159864316647,pred_curve
2.5,0.9363636363636363,,0.00028619716911917946,pred_curve
2.5,0.9454545454545454,,0.0002872002598762949,pred_curve
2.5,0.9545454545454545,,0.00028819109954312166,pred_curve
2.5,0.9636363636363636,,0.00028916991119752686,pred_curve
2.5,0.9727272727272727,,0.0002901369125340727,pred_curve
2.5,0.9818181818181817,,0.00029109231602543077,pred_curve
2.5,0.9909090909090909,,0.00029203632907802136,pred_curve
2.5,1.0,,0.00029296915418212027,pred_curve
