param,distance
0.0,1.217883027134331
0.0,1.3691277063462115
0.0,1.4517097665854084
0.0,1.5516589482699092
0.0,1.167858827289631
0.0,1.3535122424302015
0.0,1.1037948806347961
0.0,1.136604519608285
0.0,1.200240788363227
0.0,1.1551863061132523
0.0,1.2960255287351352
0.0,1.2628404908953217
0.0,1.2550940519286848
0.0,1.3812898257715234
0.0,1.2248115925944423
0.0,1.500412944357916
0.0,1.2209656435672973
0.0,1.2047278266981507
0.0,1.2004780133125585
0.0,1.383648862961881
0.0,1.3244273059215523
0.0,1.2722449914456195
0.0,1.1966920165724113
0.0,1.094053075812212
0.0,1.5087742492385445
0.0,1.4269380100329168
0.0,1.2964510948857426
0.0,1.1612292214950113
0.0,1.134790780370056
0.0,1.1961848423592558
0.0,1.2925435582365141
0.0,1.3424015960877387
0.0,1.2679867707203143
0.0,1.5236418037094788
0.0,1.1980633087800956
0.0,1.3517405567608969
0.0,1.5303353955102512
0.0,1.287305588255723
0.0,1.3132057141130629
0.0,1.087861758443885
0.0,1.1083443646857174
0.0,1.061102146882438
0.0,1.4322540720183277
0.0,1.2131404278675635
0.0,1.2229707139012296
0.0,1.17003350439996
0.0,1.0502052715839783
0.0,1.4551539211133973
0.0,1.2019220997623492
0.0,1.2563235201694773
0.0,1.231306803335033
0.0,1.1543451631827633
0.0,1.456835241392134
0.0,1.1810022417012358
0.0,1.2031211831167192
0.0,1.2388818301866587
0.0,1.2447762958670885
0.0,1.202877450570023
0.0,1.4456793451258907
0.0,1.0607463812858973
0.0,1.1286394602863112
0.0,1.2005325919393015
0.0,1.2706359446742634
0.0,1.0864407284947897
0.0,1.2334454047687438
0.0,1.4241386130982765
0.0,1.1590199012812026
0.0,1.311958335710922
0.0,1.4351949947968314
0.0,1.291241684581154
0.0,1.1437364317770218
0.0,1.2147781855333126
0.0,1.3046568408601817
0.0,1.2762971593798733
0.0,1.336312784604034
0.0,1.6048069131327782
0.0,1.3124905883779718
0.0,1.3085264385352828
0.0,1.2764789125013676
0.0,1.2282740367800873
0.0,1.1424492841057525
0.0,1.2245223170975825
0.0,1.1795191593262702
0.0,1.1129670077581713
0.0,1.248753557238987
0.0,1.127163143549819
0.0,1.1810600743550068
0.0,1.1794265174147678
0.0,1.2143225702255827
0.0,1.243838914464008
0.0,1.2967785870768946
0.0,1.2148154355008398
0.0,1.3271226306912565
0.0,1.247794340372937
0.0,1.139948400208929
0.0,1.3624640288443892
0.0,1.1356856592453386
0.0,1.3744827272536406
0.0,1.1793205876519806
0.0,1.2151671903964198
0.0001,1.4576002072301393
0.0001,1.3306026071009338
0.0001,1.316868551915195
0.0001,1.3508743434436838
0.0001,1.189920087704781
0.0001,1.086763296687835
0.0001,1.0429711802177828
0.0001,1.0724991520986646
0.0001,1.0964100372953185
0.0001,1.2883328662616256
0.0001,1.2590474271711767
0.0001,1.1643664226019685
0.0001,1.095458128483393
0.0001,1.239513497526278
0.0001,1.5939212057547754
0.0001,1.1292664435300916
0.0001,1.1178082040693909
0.0001,1.283076934874783
0.0001,1.1782824439860897
0.0001,1.2414751496524994
0.0001,1.2177235291988162
0.0001,1.1249195506998044
0.0001,1.1242948699716133
0.0001,1.3094345819197408
0.0001,1.5875612877604366
0.0001,1.1434524405877389
0.0001,1.173930980076534
0.0001,1.4641543265980146
0.0001,1.1907921616724884
0.0001,1.681607851451465
0.0001,1.2045536794839662
0.0001,1.2749819295059632
0.0001,1.4683276179827642
0.0001,1.2524748182133176
0.0001,1.1150560947708072
0.0001,1.2936823954537244
0.0001,1.2576538707019942
0.0001,1.300572448004316
0.0001,1.1426565692297466
0.0001,1.1239226214016114
0.0001,1.1728159920322392
0.0001,1.3315469252621461
0.0001,1.3100080308360234
0.0001,1.2350114007767585
0.0001,1.2081249625192327
0.0001,1.2469571132644999
0.0001,1.1752723462601655
0.0001,1.1524634941096268
0.0001,1.238155253073512
0.0001,1.1968434353587871
0.0001,1.316234925543029
0.0001,1.388800506070461
0.0001,1.2895640749963673
0.0001,1.3507282574285606
0.0001,1.5199379748852322
0.0001,1.3626761561466685
0.0001,1.0926268008262627
0.0001,1.3076095619957115
0.0001,1.3244564323137968
0.0001,1.265117200406753
0.0001,1.5451912265037984
0.0001,1.2701108390125129
0.0001,1.1734939313285695
0.0001,1.3454777098293917
0.0001,1.4416127978030646
0.0001,1.4702569178842229
0.0001,1.2771788693284314
0.0001,1.104331108111089
0.0001,1.2049574294066792
0.0001,1.2779112635712573
0.0001,1.1692294881168814
0.0001,1.1007916570159766
0.0001,1.2667245373016656
0.0001,1.3315045002994372
0.0001,1.166548473010771
0.0001,1.5238524869054448
0.0001,1.2035110907718778
0.0001,1.1536494719129258
0.0001,1.1513519498085372
0.0001,1.2424414976536817
0.0001,1.2586948482868234
0.0001,1.1727958783379797
0.0001,1.1579211833087517
0.0001,1.335991933403593
0.0001,1.1627218668410257
0.0001,1.2378009684513718
0.0001,1.4029554477964112
0.0001,1.2370666934368764
0.0001,1.217045119383373
0.0001,1.1866604716765385
0.0001,1.4343774525058897
0.0001,1.2587213148719132
0.0001,1.2189187899099687
0.0001,1.5218906191516306
0.0001,1.1535517771473067
0.0001,1.237156401786507
0.0001,1.10533079209446
0.0001,1.364500098569121
0.0001,1.2610927561930452
0.0001,1.1152508321793682
0.0002,1.1471312422021585
0.0002,1.1586562182870195
0.0002,1.2084749444611917
0.0002,1.1864014517217583
0.0002,1.3517693229169854
0.0002,1.23572065681655
0.0002,1.1687616789240887
0.0002,1.2776073434789856
0.0002,1.476975228527784
0.0002,1.1518709258790376
0.0002,1.2526028556686868
0.0002,1.2109701069634098
0.0002,1.2096269726886666
0.0002,1.2511976848537567
0.0002,1.6775233540078807
0.0002,1.268575338813281
0.0002,1.2680901481363356
0.0002,1.2146784434659972
0.0002,1.1689317921160163
0.0002,1.0891882516753326
0.0002,1.155465237498985
0.0002,1.2897159767302007
0.0002,1.1169897847203538
0.0002,1.1066762963323302
0.0002,1.1421802585691556
0.0002,1.3684678050237793
0.0002,1.2781937428952455
0.0002,1.2871709738731152
0.0002,1.248202442834978
0.0002,1.198301417568033
0.0002,1.3811251530514197
0.0002,1.1234336508988392
0.0002,1.0812481543775487
0.0002,1.2964945446331515
0.0002,1.0911914363415525
0.0002,1.3106524783272298
0.0002,1.2787709919414396
0.0002,1.304993176799129
0.0002,1.1126891386350488
0.0002,1.4516020505346785
0.0002,1.136867176247872
0.0002,1.1833346942591878
0.0002,1.40632085772627
0.0002,1.0893497540857697
0.0002,1.1518949436782018
0.0002,1.2146393746976396
0.0002,1.1799983547331772
0.0002,1.2687174744446217
0.0002,1.3835920069135033
0.0002,1.2336086705948028
0.0002,1.1221644131955928
0.0002,1.3012860797378196
0.0002,1.311477802934705
0.0002,1.3549065659378532
0.0002,1.3083606123564657
0.0002,1.242917688773034
0.0002,1.1692020608552474
0.0002,1.1894603734127054
0.0002,1.168447750336175
0.0002,1.191654957491442
0.0002,1.1853770160879107
0.0002,1.7259959522359705
0.0002,1.5325228168774194
0.0002,1.1620759128232863
0.0002,1.2877781989150663
0.0002,1.242559476038227
0.0002,1.105821107471412
0.0002,1.1954811450078568
0.0002,1.2488068421634817
0.0002,1.0499511200694922
0.0002,1.1380104128699082
0.0002,1.242881953675567
0.0002,1.3178062056785946
0.0002,1.3290825569266227
0.0002,1.2341414775676358
0.0002,1.3197664101913964
0.0002,1.321422627309904
0.0002,1.417491876594505
0.0002,1.226524539737494
0.0002,1.5693769666981991
0.0002,1.2814510836073967
0.0002,1.098832536026193
0.0002,1.3615577793853506
0.0002,1.4558986565992003
0.0002,1.317196973867336
0.0002,1.3136800548300043
0.0002,1.2614398001336928
0.0002,1.2533112969518312
0.0002,1.3298268727251925
0.0002,1.2544368658050524
0.0002,1.388179732890836
0.0002,1.1324072837217234
0.0002,1.1451670317583371
0.0002,1.1833580118245879
0.0002,1.1266452677115804
0.0002,1.0460739895074782
0.0002,1.2849615170519424
0.0002,1.3889657229732661
0.0002,1.3606146681552327
0.0002,1.221662054571388
0.00030000000000000003,1.425457745207361
0.00030000000000000003,1.2559592264770632
0.00030000000000000003,1.2084749444611917
0.00030000000000000003,1.2911862268378873
0.00030000000000000003,1.221790377804361
0.00030000000000000003,1.2929984485236434
0.00030000000000000003,1.3184627038816306
0.00030000000000000003,1.2745302166225585
0.00030000000000000003,1.3599706425985687
0.00030000000000000003,1.1698096574592198
0.00030000000000000003,1.1603123993123432
0.00030000000000000003,1.1448367867596172
0.00030000000000000003,1.3006554909391608
0.00030000000000000003,1.1422594735277738
0.00030000000000000003,1.1701473175509889
0.00030000000000000003,1.1940807484774798
0.00030000000000000003,1.131915671399406
0.00030000000000000003,1.3672837144029664
0.00030000000000000003,1.2356829352703398
0.00030000000000000003,1.0518468924672242
0.00030000000000000003,1.3026519699674246
0.00030000000000000003,1.0456901182986502
0.00030000000000000003,1.4000016490020715
0.00030000000000000003,1.265653703581725
0.00030000000000000003,1.135290606977978
0.00030000000000000003,1.4063682729757452
0.00030000000000000003,1.3466834497922877
0.00030000000000000003,1.292675246967312
0.00030000000000000003,1.3149735036404808
0.00030000000000000003,1.2188815860492803
0.00030000000000000003,1.391702987016339
0.00030000000000000003,1.2799480864969022
0.00030000000000000003,0.9941295506975113
0.00030000000000000003,1.188916964195203
0.00030000000000000003,1.258132817943897
0.00030000000000000003,1.075656786718751
0.00030000000000000003,1.197514170925868
0.00030000000000000003,1.329768481240416
0.00030000000000000003,1.2685241066341089
0.00030000000000000003,1.2426148666367296
0.00030000000000000003,1.105289903579301
0.00030000000000000003,1.2063187093100314
0.00030000000000000003,1.2763727650449237
0.00030000000000000003,1.1477237245852494
0.00030000000000000003,1.3125915139405866
0.00030000000000000003,1.5106377043876396
0.00030000000000000003,1.3982345314570024
0.00030000000000000003,1.2967036415630149
0.00030000000000000003,1.110066967195969
0.00030000000000000003,1.149876908781655
0.00030000000000000003,1.2378011813729468
0.00030000000000000003,1.1950056764995327
0.00030000000000000003,1.0631483057253706
0.00030000000000000003,1.369227800814235
0.00030000000000000003,1.133716905392351
0.00030000000000000003,1.2484693593147602
0.00030000000000000003,1.2303293954256411
0.00030000000000000003,1.2563815067043524
0.00030000000000000003,1.2467955589195487
0.00030000000000000003,1.6254982134946494
0.00030000000000000003,1.1012795634870494
0.00030000000000000003,1.448587458944398
0.00030000000000000003,1.1597585787389766
0.00030000000000000003,1.2895821278282424
0.00030000000000000003,1.4877032894438618
0.00030000000000000003,1.268456607924349
0.00030000000000000003,1.2752750882747925
0.00030000000000000003,1.2496036620371596
0.00030000000000000003,1.2135712526696456
0.00030000000000000003,1.275462389526652
0.00030000000000000003,1.0463745300850231
0.00030000000000000003,1.2463569098289182
0.00030000000000000003,1.2530510487489914
0.00030000000000000003,1.1953068402606333
0.00030000000000000003,1.3302811201165798
0.00030000000000000003,1.181706774068517
0.00030000000000000003,1.2152740942172642
0.00030000000000000003,1.271232806379329
0.00030000000000000003,1.1510671553294383
0.00030000000000000003,1.2082021518146873
0.00030000000000000003,1.2738921653438604
0.00030000000000000003,1.1818630141844177
0.00030000000000000003,1.5826821673966769
0.00030000000000000003,1.6681754788074792
0.00030000000000000003,1.288704859870745
0.00030000000000000003,1.2110923808905831
0.00030000000000000003,1.1838533762819776
0.00030000000000000003,1.3073999355740404
0.00030000000000000003,1.272033157446024
0.00030000000000000003,1.2336274461629961
0.00030000000000000003,1.167186377070398
0.00030000000000000003,1.130085991408442
0.00030000000000000003,1.487721014644516
0.00030000000000000003,1.0337849293442727
0.00030000000000000003,1.3899742555423962
0.00030000000000000003,1.2729246683354203
0.00030000000000000003,1.317033592219172
0.00030000000000000003,1.1388497713937735
0.00030000000000000003,1.4080029093592852
0.00030000000000000003,1.1626015918252839
0.0004,1.4297748941318646
0.0004,1.2762456534186
0.0004,1.4367536237044094
0.0004,1.148768083558378
0.0004,1.2380722464078118
0.0004,1.2972529095844103
0.0004,1.240310026357716
0.0004,1.1223219174035783
0.0004,1.2015479111262413
0.0004,1.1807013107624562
0.0004,1.2199772458818643
0.0004,1.2508553726078935
0.0004,1.042871551271108
0.0004,1.1777699132342727
0.0004,1.4331216612044455
0.0004,1.1792431072336218
0.0004,1.1120238677601217
0.0004,1.0519746551257856
0.0004,1.812911682886498
0.0004,1.2174023329404613
0.0004,1.2499393055835768
0.0004,1.140369339422781
0.0004,1.4053126093530905
0.0004,1.3442754079818915
0.0004,1.2748268634066235
0.0004,1.2303423417608608
0.0004,1.2888925329124232
0.0004,1.215919723028923
0.0004,1.1765503244925686
0.0004,1.2527740432072276
0.0004,1.2282553742652011
0.0004,1.2281223709572393
0.0004,1.322261796064506
0.0004,1.1530409536403943
0.0004,1.2871219064313493
0.0004,1.1374885976467772
0.0004,1.3916878651185485
0.0004,1.2844280609417327
0.0004,1.3594941842489945
0.0004,1.0761588390268075
0.0004,1.3151980607396834
0.0004,1.1578435351318503
0.0004,1.2899250083229035
0.0004,1.1192994273804162
0.0004,1.4354099014764126
0.0004,1.2650024876064503
0.0004,1.136862599073846
0.0004,1.0834335721060366
0.0004,1.4460354708325633
0.0004,1.1815076431766312
0.0004,1.2983161000807037
0.0004,1.1703854661636592
0.0004,1.3689703748526194
0.0004,1.198845024862421
0.0004,1.3615802177592453
0.0004,1.2321778545829205
0.0004,1.3587078296659914
0.0004,1.1961271978743246
0.0004,1.2970758928080939
0.0004,1.2778301425948266
0.0004,1.166880541140155
0.0004,1.2658435981649827
0.0004,1.304930852645378
0.0004,1.1972194706951584
0.0004,1.381780410478622
0.0004,1.314978385187715
0.0004,1.2640115109081407
0.0004,1.1005352846430971
0.0004,1.2061120438066888
0.0004,1.2126606785926621
0.0004,1.2351232933802232
0.0004,1.1798896884655266
0.0004,1.420951817468639
0.0004,1.281169147648228
0.0004,1.2348560877071575
0.0004,1.3428442179221267
0.0004,1.3207525073699644
0.0004,1.2333229213194985
0.0004,1.221920836249416
0.0004,1.1360469742936494
0.0004,1.1571355904880207
0.0004,1.2825704986807813
0.0004,1.5338042243047736
0.0004,1.5743834593221724
0.0004,1.368190016269507
0.0004,1.150123349289061
0.0004,1.3415411094375367
0.0004,1.3777309743699229
0.0004,1.4123953534790012
0.0004,1.1323167061964066
0.0004,1.5351732885965588
0.0004,1.3188491808369631
0.0004,1.264197727719404
0.0004,1.2458163725757256
0.0004,1.1322533014770655
0.0004,1.496318536497205
0.0004,1.3732639077688134
0.0004,1.1944786515530985
0.0004,1.26458855668011
0.0004,1.1633262713046733
0.0005,1.3440857246853355
0.0005,1.3480042456848473
0.0005,1.2619470991246486
0.0005,1.2710503054334337
0.0005,1.246432939144094
0.0005,1.3101602573696476
0.0005,1.3688814456300487
0.0005,1.2420444386552723
0.0005,1.6456341867970634
0.0005,1.301567974013808
0.0005,1.3192388741510455
0.0005,1.223942768925577
0.0005,1.1646953733838756
0.0005,1.4666698818452475
0.0005,1.135534803605858
0.0005,1.327592660670739
0.0005,1.1238586002342552
0.0005,1.3072044743536895
0.0005,1.2593463094864734
0.0005,1.26906273003395
0.0005,1.2512063471788535
0.0005,1.2030089182757782
0.0005,1.511212084320521
0.0005,1.30071839320841
0.0005,1.3302012284964253
0.0005,1.498001048380783
0.0005,1.1395241750678713
0.0005,1.2600221557159914
0.0005,1.2145302433203402
0.0005,1.1025084957702178
0.0005,1.15534357861494
0.0005,1.4080832116701618
0.0005,1.1992136767434827
0.0005,1.1315614940421557
0.0005,1.2037333418070615
0.0005,1.1275081849035526
0.0005,1.3242940910076824
0.0005,1.2726208019535912
0.0005,1.1535844681410565
0.0005,1.120675639875469
0.0005,1.0478530132610173
0.0005,1.1668526845753102
0.0005,1.328267458867051
0.0005,1.187216843074138
0.0005,1.3847915164999647
0.0005,1.2857273192794627
0.0005,1.367754190308154
0.0005,1.4120112262616402
0.0005,1.1838112748441803
0.0005,1.2427633471949022
0.0005,1.4962323511270212
0.0005,1.183272609429459
0.0005,1.1622553887003788
0.0005,1.2747184521592114
0.0005,1.2140945016739297
0.0005,1.035737589127855
0.0005,1.259047315143514
0.0005,1.339577061662522
0.0005,1.437721309575306
0.0005,1.1625817770075826
0.0005,1.2183117400318535
0.0005,1.1472284517076974
0.0005,1.300455077410531
0.0005,1.4808406905591522
0.0005,1.2273572385420015
0.0005,1.256805647958025
0.0005,1.1305051137062923
0.0005,1.2357681640690985
0.0005,1.2593160604030087
0.0005,1.15597372120372
0.0005,1.2431890954599334
0.0005,1.2834781014705179
0.0005,1.10721706726406
0.0005,1.5359239648419531
0.0005,1.156137438664519
0.0005,1.2373664403857227
0.0005,1.2180982580250022
0.0005,1.2632677825391585
0.0005,1.2385216837465982
0.0005,0.990330025480486
0.0005,1.3176827228482135
0.0005,1.2398483575460724
0.0005,1.226084681106148
0.0005,1.1790854641886404
0.0005,1.2397996035589927
0.0005,1.2202355851697058
0.0005,1.630977706523106
0.0005,1.2489404000351387
0.0005,1.2270295909733615
0.0005,1.3362801252807488
0.0005,1.1014757426853448
0.0005,1.0869573168866578
0.0005,1.2940296618034681
0.0005,1.216613043403261
0.0005,1.2947730337254033
0.0005,1.3149099179465238
0.0005,1.1470251788997061
0.0005,1.1806419312685137
0.0005,1.2981841048114053
0.0005,1.216477103550276
0.0006000000000000001,1.0633592898793098
0.0006000000000000001,1.1865604945899062
0.0006000000000000001,1.396422144133358
0.0006000000000000001,1.2221238578058145
0.0006000000000000001,1.2836238915167444
0.0006000000000000001,1.3101602573696476
0.0006000000000000001,1.3165973763702903
0.0006000000000000001,1.240670771271302
0.0006000000000000001,1.2476023492357977
0.0006000000000000001,1.180644976760044
0.0006000000000000001,1.2135377777509093
0.0006000000000000001,1.0896673435494868
0.0006000000000000001,1.43276517888976
0.0006000000000000001,1.2638117652249536
0.0006000000000000001,1.363927402327722
0.0006000000000000001,1.0806592330004576
0.0006000000000000001,1.3159793783368454
0.0006000000000000001,1.3623755824481714
0.0006000000000000001,1.3160422000551553
0.0006000000000000001,1.2166095971058477
0.0006000000000000001,1.2184980549844953
0.0006000000000000001,1.1640406783817858
0.0006000000000000001,1.1056449752364748
0.0006000000000000001,1.53919506102112
0.0006000000000000001,1.115771558811445
0.0006000000000000001,1.384783804448244
0.0006000000000000001,1.2294975060825268
0.0006000000000000001,1.2781499634908542
0.0006000000000000001,1.122622252787709
0.0006000000000000001,1.2970627313960175
0.0006000000000000001,1.3276819513918112
0.0006000000000000001,1.2538717929888445
0.0006000000000000001,1.221550920702725
0.0006000000000000001,1.2647546027608656
0.0006000000000000001,1.1640556888541627
0.0006000000000000001,1.1944533615642838
0.0006000000000000001,1.3188309047480997
0.0006000000000000001,1.316892829308191
0.0006000000000000001,1.0278861135942916
0.0006000000000000001,1.2182483541084292
0.0006000000000000001,1.2186324477301882
0.0006000000000000001,1.209992650598438
0.0006000000000000001,1.2444025255154494
0.0006000000000000001,1.037115514818515
0.0006000000000000001,1.4809159164244916
0.0006000000000000001,1.2227828794123459
0.0006000000000000001,1.533429093726857
0.0006000000000000001,1.2226841223258273
0.0006000000000000001,1.2409956238097248
0.0006000000000000001,1.3479774712067598
0.0006000000000000001,1.1860578612327397
0.0006000000000000001,1.1275249724357879
0.0006000000000000001,1.2989179895452723
0.0006000000000000001,1.3511334190289679
0.0006000000000000001,1.155106849058582
0.0006000000000000001,1.3225662573932613
0.0006000000000000001,1.3505620320655807
0.0006000000000000001,1.3202313404555897
0.0006000000000000001,1.2737858571042349
0.0006000000000000001,1.2832519715522865
0.0006000000000000001,1.225512312732745
0.0006000000000000001,1.3453208662782796
0.0006000000000000001,1.2777544281064797
0.0006000000000000001,1.2166983800940936
0.0006000000000000001,1.3449315622625266
0.0006000000000000001,1.2962648449950014
0.0006000000000000001,1.399918053375632
0.0006000000000000001,1.2730823414317105
0.0006000000000000001,1.2440391747790325
0.0006000000000000001,1.330916239861942
0.0006000000000000001,1.2087701696172266
0.0006000000000000001,1.2152999029279579
0.0006000000000000001,1.2047522774950719
0.0006000000000000001,1.2819461314798974
0.0006000000000000001,1.4177855625545357
0.0006000000000000001,1.193787516206207
0.0006000000000000001,1.2210190106676166
0.0006000000000000001,1.1664829778038088
0.0006000000000000001,1.2993755894733534
0.0006000000000000001,1.2504819286349822
0.0006000000000000001,1.2117805983409136
0.0006000000000000001,1.143601032854433
0.0006000000000000001,1.4526751646728244
0.0006000000000000001,1.1771041021898203
0.0006000000000000001,1.3258378441484875
0.0006000000000000001,1.2410003138141885
0.0006000000000000001,1.2383302264966947
0.0006000000000000001,1.362339772194351
0.0006000000000000001,1.1596533364619144
0.0006000000000000001,1.2025279190982228
0.0006000000000000001,1.1225565099969144
0.0006000000000000001,1.145826308461395
0.0006000000000000001,1.4375185006469091
0.0006000000000000001,1.209170841527317
0.0006000000000000001,1.1970079937980043
0.0006000000000000001,1.1788475451121305
0.0006000000000000001,1.3938899873988078
0.0006000000000000001,1.235376707941738
0.0006000000000000001,1.4117340961590714
0.0006000000000000001,1.162634240970524
0.0007,1.1225562683352122
0.0007,1.2744411809354146
0.0007,1.1975967569640777
0.0007,1.2822287867494355
0.0007,1.6845027340227143
0.0007,1.3070228294196864
0.0007,1.2997535814640722
0.0007,1.5850805639114942
0.0007,1.3708983551719889
0.0007,1.0672995660551452
0.0007,1.2403256559516755
0.0007,1.2412166868497634
0.0007,1.0507077923162054
0.0007,1.2062062418352688
0.0007,1.2462016742081836
0.0007,1.1121057519098057
0.0007,1.2168626114650065
0.0007,1.2067072251749564
0.0007,1.3665916940775162
0.0007,1.2151431511639674
0.0007,1.37702663434644
0.0007,1.3300164508917618
0.0007,1.2447767318753244
0.0007,1.076275221631393
0.0007,1.2588135147271575
0.0007,1.3457678926127334
0.0007,1.2536290487050337
0.0007,1.2003802189146044
0.0007,1.2205809426102374
0.0007,1.177919979575285
0.0007,1.297199731550807
0.0007,1.6577433101937662
0.0007,1.0690652529653324
0.0007,1.131917504277107
0.0007,1.0626119159933474
0.0007,1.1015230031153094
0.0007,1.3143920150341333
0.0007,1.2034701017736371
0.0007,1.5002840626642728
0.0007,1.2700387151563286
0.0007,1.3786800176395275
0.0007,1.16480930553899
0.0007,1.2293111094161857
0.0007,1.2867084326520377
0.0007,1.3345628105673482
0.0007,1.1755223608878145
0.0007,1.3187230342426481
0.0007,1.104017985952102
0.0007,1.2905564185691774
0.0007,1.407691184822897
0.0007,1.3170231733102606
0.0007,1.1771593171580803
0.0007,1.2089302860573594
0.0007,1.1119115739150904
0.0007,1.1332170280098872
0.0007,1.2607449085792681
0.0007,1.2916038223588797
0.0007,1.3382873193024056
0.0007,1.4633417448544306
0.0007,1.3238300227693365
0.0007,1.1913256436527602
0.0007,1.157332500019939
0.0007,1.2321399731248521
0.0007,1.4021831352855656
0.0007,1.4149709629284717
0.0007,1.2726449759681826
0.0007,1.0346483763634262
0.0007,1.0796393362491945
0.0007,1.2356616021157114
0.0007,1.3276938344399258
0.0007,1.1216601547683078
0.0007,1.23593176058029
0.0007,1.2377760491862266
0.0007,1.1291807641363076
0.0007,1.0490030099557732
0.0007,1.276042887211247
0.0007,1.3559202886447104
0.0007,1.1404842292048543
0.0007,1.061718495585844
0.0007,1.2744854701468806
0.0007,1.4112810936815932
0.0007,1.0671193507616046
0.0007,1.196365575610238
0.0007,1.2411216175186413
0.0007,1.2266329713595792
0.0007,1.240519042613246
0.0007,1.0352818189114061
0.0007,1.2621177737764295
0.0007,1.3606294462278048
0.0007,1.410661577073366
0.0007,1.1660535780454262
0.0007,1.1888273893888426
0.0007,1.3229898791614663
0.0007,1.3126271776969451
0.0007,1.1599339136832723
0.0007,1.2287463005271062
0.0007,1.138825211625114
0.0007,1.5658410832237448
0.0007,1.252199315582495
0.0007,1.0398184498561316
0.0008,1.3096213245456971
0.0008,1.2755685304033082
0.0008,1.4204426952059244
0.0008,1.300529326391618
0.0008,1.3283764153978082
0.0008,1.3234446575990502
0.0008,1.3410788142643995
0.0008,1.1634724361564486
0.0008,1.2756642831860192
0.0008,1.2169236327559303
0.0008,1.3965267980204359
0.0008,1.200103466406912
0.0008,1.4372050326702248
0.0008,1.1329109670143203
0.0008,1.2571321392408854
0.0008,1.4075960072107945
0.0008,1.2317745560169626
0.0008,1.2937780732866477
0.0008,1.4167806053667082
0.0008,1.1656514689980142
0.0008,1.1177410142256592
0.0008,1.1762940363358643
0.0008,1.0757537828999586
0.0008,1.2517642841013203
0.0008,1.3246626487112312
0.0008,1.3300736258139962
0.0008,0.9817155290412038
0.0008,1.3491913392656811
0.0008,1.2106444122674682
0.0008,1.2514332910944115
0.0008,1.1576317947047892
0.0008,1.3315710354500243
0.0008,1.1305141372380945
0.0008,1.457964258406988
0.0008,1.3151699140979176
0.0008,1.204226324042908
0.0008,1.3450822415593433
0.0008,1.027839842122889
0.0008,1.255230272385102
0.0008,1.1093674428434463
0.0008,1.2177781159623355
0.0008,1.2818564211678034
0.0008,1.2648373045277292
0.0008,1.2511702591952627
0.0008,1.3173406676407822
0.0008,1.1913893247786005
0.0008,1.2071874424416953
0.0008,1.1660585894254438
0.0008,1.1483090133225298
0.0008,1.200486720455328
0.0008,1.2421817971573064
0.0008,1.0876456107474266
0.0008,1.4849165695154802
0.0008,1.2449994787600256
0.0008,1.2194627491262167
0.0008,1.4613064868160075
0.0008,1.2501611811476696
0.0008,1.6623862775877651
0.0008,1.1830801254291083
0.0008,1.1943872387154804
0.0008,1.060411247552781
0.0008,1.1249806851188247
0.0008,1.0899792651008815
0.0008,1.1461593715612892
0.0008,1.1081931843278858
0.0008,1.286551609933247
0.0008,1.5845281989820874
0.0008,1.2322167735979332
0.0008,1.2418860130357745
0.0008,1.5996181098550224
0.0008,1.1794276084012878
0.0008,1.2482376229202736
0.0008,1.182237649379862
0.0008,1.3686221240650331
0.0008,0.9822630950093746
0.0008,1.2574705499440204
0.0008,1.1794417422064165
0.0008,1.337431043880782
0.0008,1.0767915586850183
0.0008,1.2938280904807036
0.0008,1.0843027748694478
0.0008,1.255679551882055
0.0008,1.222749138061137
0.0008,1.300908645909158
0.0008,1.2511696312615386
0.0008,1.2849598573695415
0.0008,1.1745228383189992
0.0008,1.0923467986272217
0.0008,1.0212066541081675
0.0008,1.2141075302835789
0.0008,1.7948296817287723
0.0008,1.0832856182678468
0.0008,1.1091386441585716
0.0008,1.201946074039585
0.0008,1.2491849122054577
0.0008,1.3565202246875818
0.0008,1.1634739584991216
0.0008,1.1940381756103928
0.0008,1.2034972485681061
0.0008,1.3454981703556896
0.0009000000000000001,1.1945214963351471
0.0009000000000000001,1.5108844076463646
0.0009000000000000001,1.2093381257918703
0.0009000000000000001,1.3410788142643995
0.0009000000000000001,1.3332384101166141
0.0009000000000000001,1.4458635771741575
0.0009000000000000001,1.2317097405028532
0.0009000000000000001,1.2202188671525316
0.0009000000000000001,1.0900405509427329
0.0009000000000000001,1.229334794143053
0.0009000000000000001,1.111741720067081
0.0009000000000000001,1.1451185462569926
0.0009000000000000001,1.2881611115297664
0.0009000000000000001,1.416330172651666
0.0009000000000000001,1.169035254965097
0.0009000000000000001,1.2154877719339734
0.0009000000000000001,1.04559975231077
0.0009000000000000001,1.1607148914384005
0.0009000000000000001,1.2217347352942387
0.0009000000000000001,1.180489593418052
0.0009000000000000001,1.2827422593000946
0.0009000000000000001,1.3921845844638197
0.0009000000000000001,1.4468743268670148
0.0009000000000000001,1.109456826285819
0.0009000000000000001,1.3604507505919519
0.0009000000000000001,1.294852892369825
0.0009000000000000001,1.2963756312655408
0.0009000000000000001,1.6156417677145638
0.0009000000000000001,1.2658992657406531
0.0009000000000000001,1.2108985907440128
0.0009000000000000001,1.6045248371953684
0.0009000000000000001,1.2293280107898437
0.0009000000000000001,1.423305050311064
0.0009000000000000001,1.4155271785723267
0.0009000000000000001,1.2562178459665418
0.0009000000000000001,1.1461125412477648
0.0009000000000000001,1.263383936094113
0.0009000000000000001,1.209793482798049
0.0009000000000000001,1.2796429398351497
0.0009000000000000001,1.2165148064126057
0.0009000000000000001,1.4737875049554392
0.0009000000000000001,1.2418906904223805
0.0009000000000000001,1.0606841210112314
0.0009000000000000001,1.198429944825607
0.0009000000000000001,1.221072245588478
0.0009000000000000001,1.3505500927238263
0.0009000000000000001,1.2209992895979918
0.0009000000000000001,1.3915027325700486
0.0009000000000000001,1.353244315317685
0.0009000000000000001,1.2398077973475112
0.0009000000000000001,1.1425171142353665
0.0009000000000000001,1.4617492330648874
0.0009000000000000001,1.2512178732098995
0.0009000000000000001,1.3169837404581144
0.0009000000000000001,1.277608661708807
0.0009000000000000001,1.2899715518239905
0.0009000000000000001,1.2723097025649264
0.0009000000000000001,1.2880262978830541
0.0009000000000000001,1.1763782786768733
0.0009000000000000001,1.1144621031247453
0.0009000000000000001,1.3008234214554644
0.0009000000000000001,1.1226632273391295
0.0009000000000000001,1.1302069481636092
0.0009000000000000001,1.1009747346895986
0.0009000000000000001,1.355143359368549
0.0009000000000000001,1.2605640706574477
0.0009000000000000001,1.4725354473515888
0.0009000000000000001,1.2726419356293135
0.0009000000000000001,1.2194606654660098
0.0009000000000000001,1.202842136419356
0.0009000000000000001,1.2296856069408928
0.0009000000000000001,1.1738214109151475
0.0009000000000000001,1.2542203313735762
0.0009000000000000001,1.0120121277904381
0.0009000000000000001,1.3290062662620798
0.0009000000000000001,1.132942103966885
0.0009000000000000001,1.434982192384202
0.0009000000000000001,1.0611930902114768
0.0009000000000000001,1.2823964002527566
0.0009000000000000001,1.2630961760863586
0.0009000000000000001,1.2594336606033736
0.0009000000000000001,1.2212035097477922
0.0009000000000000001,1.3761986629633176
0.0009000000000000001,1.3710159101100072
0.0009000000000000001,1.2604752352586142
0.0009000000000000001,1.3678561158566276
0.0009000000000000001,1.184153827722242
0.0009000000000000001,1.1523124494654604
0.0009000000000000001,1.4132954954143533
0.0009000000000000001,1.218615798146574
0.0009000000000000001,1.1168167423184827
0.0009000000000000001,1.2261961340917178
0.0009000000000000001,1.279770881567956
0.0009000000000000001,1.3478775116198305
0.0009000000000000001,1.3440211398327373
0.0009000000000000001,1.3557533432791802
0.0009000000000000001,1.1212731565797083
0.0009000000000000001,1.2793244646135915
0.0009000000000000001,1.2242281215761788
0.0009000000000000001,1.5088229639300101
0.001,1.3655826944118798
0.001,0.9832449776104923
0.001,1.1677159888224042
0.001,1.3734123669149845
0.001,1.1785844882375103
0.001,1.0931110422090395
0.001,1.2377555312831698
0.001,1.2036118680822583
0.001,1.3483699261703503
0.001,1.4710663289510668
0.001,1.2633129557340255
0.001,1.2970841420637074
0.001,1.1230969931384496
0.001,1.2386320096623054
0.001,1.1020513551232365
0.001,1.1504492524650816
0.001,1.3865644953102294
0.001,1.265347181793232
0.001,1.091784977103391
0.001,1.171268568499297
0.001,1.2864440399590387
0.001,1.174006819303909
0.001,1.1644079376757548
0.001,1.336784613811629
0.001,1.1375397214752592
0.001,1.2707125293927155
0.001,1.3411251386280918
0.001,1.1866256620735134
0.001,1.24244257488794
0.001,1.1029535362686576
0.001,1.068822909451635
0.001,1.1625751348966402
0.001,1.2529879244432625
0.001,1.1820860701141298
0.001,1.4258500806215768
0.001,1.2050465738748108
0.001,1.2097529153031086
0.001,1.2665523860583365
0.001,1.268641255486303
0.001,1.2558312601684554
0.001,1.178331386382212
0.001,1.4683701058159424
0.001,1.331518108844726
0.001,1.2739528650102818
0.001,1.300677224931369
0.001,1.101460459388146
0.001,1.1598210840521137
0.001,1.3452652567881815
0.001,1.1063307791484245
0.001,1.1178302751839984
0.001,1.4967298439885048
0.001,1.299613354785636
0.001,1.211626575204528
0.001,1.2608980497033495
0.001,1.2261290726849066
0.001,1.3052496685937056
0.001,1.2142047287841435
0.001,1.404207460853609
0.001,1.144809441747174
0.001,1.193443146459628
0.001,1.1969348617715894
0.001,1.2806469922415074
0.001,1.370809211377922
0.001,1.0895430080925488
0.001,1.2298442277603143
0.001,1.3279490584328295
0.001,1.1593853328949808
0.001,1.407013644192631
0.001,1.2290313494689096
0.001,1.040250986713676
0.001,1.419771113024428
0.001,1.323206148908873
0.001,1.3859216793333424
0.001,1.3565523554981698
0.001,1.3998280938210776
0.001,1.357206503529391
0.001,1.373523073049559
0.001,1.559174483705318
0.001,1.2336301654200297
0.001,1.4291417919645923
0.001,1.2384499188842544
0.001,1.2582957070138263
0.001,1.3663072078651126
0.001,1.485180835168131
0.001,1.2538483496751867
0.001,1.2228593112976183
0.001,1.2691695619728662
0.001,1.3746421838030374
0.001,1.2036815984379274
0.001,1.3973447758248452
0.001,1.2861984211907447
0.001,1.1909772488097408
0.001,1.0361705590402681
0.001,1.202735239352115
0.001,1.22803255492325
0.001,1.2960597880977345
0.001,1.2276341920305303
0.001,1.1943863234176573
0.001,1.3329288209294243
0.001,1.2297611198064309
0.0011,1.403205910804602
0.0011,1.3869194370998652
0.0011,0.9832449776104923
0.0011,1.3846249093509084
0.0011,1.326738189253655
0.0011,1.2193023380026848
0.0011,1.3432995432632509
0.0011,1.3447930938752315
0.0011,1.2211889114728647
0.0011,1.3463004648616463
0.0011,1.2737284854117552
0.0011,1.4221025635343345
0.0011,1.1800859296012933
0.0011,1.3666456634283317
0.0011,1.1639059796297608
0.0011,1.1322211592750844
0.0011,1.2418747535085328
0.0011,1.1372352483399977
0.0011,1.3429782699340729
0.0011,1.1823487502937187
0.0011,1.3112755301446544
0.0011,1.267158939502817
0.0011,1.3528321019534588
0.0011,1.2204737347017043
0.0011,1.4957699714382686
0.0011,1.3086705906324023
0.0011,1.087934544852635
0.0011,1.2433799382028325
0.0011,1.4347018768026274
0.0011,1.0696399527254883
0.0011,1.2490974660641294
0.0011,1.35896112080363
0.0011,1.2918748110810994
0.0011,1.2968009125664484
0.0011,1.4942609225551322
0.0011,1.1254230136098995
0.0011,1.0992402203844522
0.0011,1.4361629731526993
0.0011,1.163209579355118
0.0011,1.3186744372011057
0.0011,1.3304065509608287
0.0011,1.1814754139227748
0.0011,1.2450448361394368
0.0011,1.3424210899697409
0.0011,1.2027670266987953
0.0011,1.2997144814571384
0.0011,1.2524094139860045
0.0011,1.1428457040893205
0.0011,1.2377650233341209
0.0011,1.2761203684566569
0.0011,1.1921740592970167
0.0011,1.2701836147675765
0.0011,1.4033134014527333
0.0011,1.2480170894880256
0.0011,1.3224933629101876
0.0011,1.2036904871553797
0.0011,1.3848901004328515
0.0011,1.1373051920387798
0.0011,1.4160597945796882
0.0011,1.1006106794516848
0.0011,1.3176198933615024
0.0011,1.4557135915059867
0.0011,1.228920358165847
0.0011,1.1930270337303086
0.0011,1.3939880719851843
0.0011,1.1861281058384363
0.0011,1.2825628910149134
0.0011,1.3590743514968955
0.0011,1.3522612931653468
0.0011,1.2714628343975962
0.0011,1.1660378130719313
0.0011,1.1160428570271326
0.0011,1.199007970256242
0.0011,1.3322954262731541
0.0011,1.118917532420389
0.0011,1.2515999018991497
0.0011,1.2416093259050416
0.0011,1.221713891471685
0.0011,1.2995831493615055
0.0011,1.3741112075337716
0.0011,1.2727916652021758
0.0011,1.37636537950085
0.0011,1.2901744317476012
0.0011,1.1910279572681912
0.0011,1.4440724619856429
0.0011,1.383498167911312
0.0011,1.4116007746344135
0.0011,1.0848124656622962
0.0011,1.4998344911261308
0.0011,1.2888392749272375
0.0011,1.3348175425724726
0.0011,1.265718678269191
0.0011,1.0621783790036605
0.0011,1.1344141116431339
0.0011,1.2271656735403904
0.0011,1.2725925349603717
0.0011,1.4109850628028775
0.0011,1.331712631286081
0.0011,1.3518917603638378
0.0011,1.2456719337873043
0.0012000000000000001,1.300160352094232
0.0012000000000000001,1.2487586228461864
0.0012000000000000001,1.3086514626783343
0.0012000000000000001,1.2595873513897584
0.0012000000000000001,1.3046049572311236
0.0012000000000000001,1.403205910804602
0.0012000000000000001,1.2412223393765704
0.0012000000000000001,1.284949600988742
0.0012000000000000001,1.3048093553199818
0.0012000000000000001,1.1776590686308341
0.0012000000000000001,1.1794157539630459
0.0012000000000000001,1.086372387513966
0.0012000000000000001,1.2980595354340059
0.0012000000000000001,1.2544792912474816
0.0012000000000000001,1.4345672691259481
0.0012000000000000001,1.0389946349490147
0.0012000000000000001,1.1058124589038323
0.0012000000000000001,1.2408740904617321
0.0012000000000000001,1.3627075830066184
0.0012000000000000001,1.8236178393010536
0.0012000000000000001,1.3739872999953953
0.0012000000000000001,1.2260296718476427
0.0012000000000000001,1.3418971513109494
0.0012000000000000001,1.35248979578773
0.0012000000000000001,1.4373467735760923
0.0012000000000000001,1.3996207143236306
0.0012000000000000001,1.20345888287509
0.0012000000000000001,1.2530044161829452
0.0012000000000000001,1.2647652488849248
0.0012000000000000001,1.238399034398352
0.0012000000000000001,1.2401702701161905
0.0012000000000000001,1.3220049651179946
0.0012000000000000001,1.3017279798694719
0.0012000000000000001,1.335802449941212
0.0012000000000000001,1.222787102298284
0.0012000000000000001,1.2976293292250516
0.0012000000000000001,1.4828027631906466
0.0012000000000000001,1.158442394620396
0.0012000000000000001,1.2144652532397449
0.0012000000000000001,1.0831135117064827
0.0012000000000000001,1.3250400358045553
0.0012000000000000001,1.4990061029988537
0.0012000000000000001,1.287647282981938
0.0012000000000000001,1.3010308731983178
0.0012000000000000001,1.3704304358061914
0.0012000000000000001,1.1604447727313376
0.0012000000000000001,1.1699908255758404
0.0012000000000000001,1.0792196855615521
0.0012000000000000001,1.1828277717775635
0.0012000000000000001,1.2002413930815916
0.0012000000000000001,1.3162778658281653
0.0012000000000000001,1.2592705405812994
0.0012000000000000001,1.3235034633438763
0.0012000000000000001,1.293951049050986
0.0012000000000000001,1.5155111817522942
0.0012000000000000001,1.2966942787082711
0.0012000000000000001,1.1496203364794648
0.0012000000000000001,1.1302427850744714
0.0012000000000000001,1.2555400198200093
0.0012000000000000001,1.2911083217475072
0.0012000000000000001,1.4259209746784198
0.0012000000000000001,1.1435542541821788
0.0012000000000000001,1.2491950887102368
0.0012000000000000001,1.094438373982512
0.0012000000000000001,1.2562309970714691
0.0012000000000000001,1.2705022595479432
0.0012000000000000001,1.446871004538279
0.0012000000000000001,1.5537175166707937
0.0012000000000000001,1.0989826461854226
0.0012000000000000001,1.2089821266005938
0.0012000000000000001,1.4917084285638835
0.0012000000000000001,1.3483297057925567
0.0012000000000000001,1.324445784620634
0.0012000000000000001,1.21007857577975
0.0012000000000000001,1.5215666063163382
0.0012000000000000001,1.2885542843418076
0.0012000000000000001,1.2937049716402973
0.0012000000000000001,1.2147890842885138
0.0012000000000000001,1.2535441637110982
0.0012000000000000001,1.1512012627828143
0.0012000000000000001,1.1765956990751945
0.0012000000000000001,1.3038628146084308
0.0012000000000000001,1.0952090645214978
0.0012000000000000001,1.515646262070184
0.0012000000000000001,1.101978760071296
0.0012000000000000001,1.2937380401089122
0.0012000000000000001,1.2753583989004236
0.0012000000000000001,1.141118278501508
0.0012000000000000001,1.0856583940352393
0.0012000000000000001,1.2859795752207193
0.0012000000000000001,1.3771671079384251
0.0012000000000000001,1.181581797394795
0.0012000000000000001,1.0840114902015314
0.0012000000000000001,1.090028112855647
0.0012000000000000001,1.4374233308389217
0.0012000000000000001,1.1967179308031832
0.0012000000000000001,1.3157521300726844
0.0012000000000000001,1.2927108050650946
0.0012000000000000001,1.1864855315209275
0.0012000000000000001,1.2117863247261056
0.0013000000000000002,1.1405788010325573
0.0013000000000000002,1.260792466016453
0.0013000000000000002,1.2746846949749853
0.0013000000000000002,1.0908697433896357
0.0013000000000000002,1.2595873513897584
0.0013000000000000002,1.0642751026645827
0.0013000000000000002,1.4664468209643817
0.0013000000000000002,1.3732227876260474
0.0013000000000000002,1.1463050914807322
0.0013000000000000002,1.3417927813274355
0.0013000000000000002,1.1864613585527553
0.0013000000000000002,1.3230940768703041
0.0013000000000000002,1.2980160806082426
0.0013000000000000002,1.1154352793175344
0.0013000000000000002,1.1589068886692049
0.0013000000000000002,1.1245450602896547
0.0013000000000000002,1.2341198369152648
0.0013000000000000002,1.1792407971315972
0.0013000000000000002,1.1372832947475395
0.0013000000000000002,1.17912634032894
0.0013000000000000002,1.1932081548356348
0.0013000000000000002,1.1556641909037877
0.0013000000000000002,1.2682150369360259
0.0013000000000000002,1.3169498549931484
0.0013000000000000002,1.209287413906946
0.0013000000000000002,1.3303921156795313
0.0013000000000000002,1.2853572835454452
0.0013000000000000002,1.1662712610382324
0.0013000000000000002,1.2304637905486915
0.0013000000000000002,1.2208711783233126
0.0013000000000000002,1.2382762909166987
0.0013000000000000002,1.4475681485858285
0.0013000000000000002,1.3084982647542596
0.0013000000000000002,1.1240420905341033
0.0013000000000000002,1.184494404020535
0.0013000000000000002,1.204451198262678
0.0013000000000000002,1.4734382990897301
0.0013000000000000002,1.3003039747333431
0.0013000000000000002,1.2127944254624972
0.0013000000000000002,1.250903651893505
0.0013000000000000002,1.023697463101083
0.0013000000000000002,1.154525982066023
0.0013000000000000002,1.3211295850040234
0.0013000000000000002,1.1259673271490285
0.0013000000000000002,1.031979267218444
0.0013000000000000002,1.0354011436667867
0.0013000000000000002,1.1965130631726233
0.0013000000000000002,1.3601965242936982
0.0013000000000000002,1.2464089789620771
0.0013000000000000002,1.1331730705269576
0.0013000000000000002,1.3190432611290899
0.0013000000000000002,1.511557568188589
0.0013000000000000002,1.280301458918221
0.0013000000000000002,1.3435720607505328
0.0013000000000000002,1.2721784264480769
0.0013000000000000002,1.428395127588595
0.0013000000000000002,1.325022584845087
0.0013000000000000002,1.6628299605373789
0.0013000000000000002,1.2628958927326246
0.0013000000000000002,1.265262194590767
0.0013000000000000002,1.3008905103252104
0.0013000000000000002,1.188016265040138
0.0013000000000000002,1.365416749823087
0.0013000000000000002,1.2462605842812224
0.0013000000000000002,1.1376463674895807
0.0013000000000000002,1.4506873254003834
0.0013000000000000002,1.2292911323080327
0.0013000000000000002,1.1183062288428587
0.0013000000000000002,1.4036168959076274
0.0013000000000000002,1.1525747299887896
0.0013000000000000002,1.1620127574247252
0.0013000000000000002,1.0774417206845472
0.0013000000000000002,1.2105448399570562
0.0013000000000000002,1.3225450291942369
0.0013000000000000002,1.4837517111476641
0.0013000000000000002,1.058152548987027
0.0013000000000000002,1.072756654380405
0.0013000000000000002,1.152325315251437
0.0013000000000000002,1.1987835855177784
0.0013000000000000002,1.3481791735572701
0.0013000000000000002,1.3748600436435032
0.0013000000000000002,1.209030507222858
0.0013000000000000002,1.2245395794267886
0.0013000000000000002,1.204657600449503
0.0013000000000000002,1.2758080483793957
0.0013000000000000002,1.2863703840615275
0.0013000000000000002,1.4015101550006497
0.0013000000000000002,1.338337263063555
0.0013000000000000002,1.1943181558504499
0.0013000000000000002,1.300772094457692
0.0013000000000000002,1.1680805852681804
0.0013000000000000002,1.3215370794388608
0.0013000000000000002,1.402872762609361
0.0013000000000000002,1.283706157526332
0.0013000000000000002,1.4050163348982234
0.0013000000000000002,1.385611741186963
0.0013000000000000002,1.3282682201333298
0.0013000000000000002,1.276894778336604
0.0013000000000000002,1.2939521599989832
0.0013000000000000002,1.1238586002410424
0.0014,1.3204935870710526
0.0014,1.2384148859992348
0.0014,1.2369272705014842
0.0014,1.3023186872806691
0.0014,1.2147392936963095
0.0014,1.2457715955119697
0.0014,1.4441143841229565
0.0014,1.2305406820304496
0.0014,1.3107194871844572
0.0014,1.250404853474456
0.0014,1.4480688609237031
0.0014,1.2344254762163802
0.0014,1.1858593573893208
0.0014,1.2679043704882103
0.0014,1.2528009406660325
0.0014,1.3468196600498035
0.0014,1.0519784476117156
0.0014,1.2446815640336941
0.0014,1.2640834654746798
0.0014,1.1569318013750896
0.0014,1.386286410616504
0.0014,1.0512577442270181
0.0014,1.4085425275851104
0.0014,1.272884202213526
0.0014,1.2010905030415453
0.0014,1.2660356218682152
0.0014,1.3061904472577897
0.0014,1.212437805294692
0.0014,1.3827329211724315
0.0014,1.223415241433307
0.0014,1.2059252898235167
0.0014,1.1944099420002665
0.0014,1.2376359353701525
0.0014,1.2953329774342903
0.0014,1.4430245281768053
0.0014,1.3242796939190014
0.0014,1.1710903255383962
0.0014,1.2857049710124626
0.0014,1.412862195034332
0.0014,1.1803651070429346
0.0014,1.1802544327895954
0.0014,1.2809657384916597
0.0014,1.4734717626231355
0.0014,1.2721502471751984
0.0014,1.3705540185541323
0.0014,1.2903597629282808
0.0014,1.222963487628502
0.0014,1.2408041726848744
0.0014,1.1141712662641017
0.0014,1.0940014408483518
0.0014,1.1665385193507423
0.0014,1.3053183535813104
0.0014,1.2323261798657732
0.0014,1.3281145277853224
0.0014,1.2880595546939109
0.0014,1.280167788699053
0.0014,1.3346541097098916
0.0014,1.3029805365321148
0.0014,1.117158882079189
0.0014,1.3358162118187293
0.0014,1.242831956207909
0.0014,1.2623132670274835
0.0014,1.1402970787715607
0.0014,1.0905207489576259
0.0014,1.2572902989661137
0.0014,1.1540877120385062
0.0014,1.2338030995134703
0.0014,1.3044165562851888
0.0014,1.202472894776507
0.0014,1.313514646273112
0.0014,1.184970187253945
0.0014,1.2071593617955414
0.0014,1.4872130604263822
0.0014,1.1468846020289123
0.0014,1.2522278246316174
0.0014,1.2818733871681525
0.0014,1.2702113883862824
0.0014,1.2278175695713434
0.0014,1.1008188626008886
0.0014,1.3382116365643
0.0014,1.4432997418228672
0.0014,1.1911532414548947
0.0014,1.163554716053511
0.0014,1.372105923323406
0.0014,1.3118802924066615
0.0014,1.3146796991583558
0.0014,1.1996540337466002
0.0014,1.2351385412249405
0.0014,1.2671796672976487
0.0014,1.202299991745671
0.0014,1.2520571659198723
0.0014,1.4762012241981697
0.0014,1.31909653054661
0.0014,1.5609655878399618
0.0014,1.2927437182607096
0.0014,1.331030607114626
0.0014,1.2751643025398753
0.0014,1.3051829176418124
0.0014,1.2605043530455464
0.0014,1.1562280493280424
0.0015,1.2809036810109526
0.0015,1.3847796229339817
0.0015,1.0080600422646486
0.0015,1.3775340275999366
0.0015,1.4594379368798969
0.0015,1.2115345465378897
0.0015,1.4148161588744743
0.0015,1.2305406820304496
0.0015,1.2958706299301461
0.0015,1.1077042998076014
0.0015,1.1604879640573145
0.0015,1.2122272773028717
0.0015,1.3675510409538698
0.0015,1.4371181938818425
0.0015,1.3630615324708721
0.0015,1.1723972885205491
0.0015,1.2540932656475057
0.0015,1.221277517095057
0.0015,1.1270387528685106
0.0015,1.2542034478400654
0.0015,1.2210167373643457
0.0015,1.3367813765349068
0.0015,1.125609540566457
0.0015,1.1539022829004477
0.0015,1.2928605673831897
0.0015,1.1140336108068205
0.0015,1.5084874753294617
0.0015,1.3938170746364178
0.0015,1.215037315132521
0.0015,1.3000661745633617
0.0015,1.1807206467244873
0.0015,1.252448575565843
0.0015,1.3106610327184094
0.0015,1.3716678569935323
0.0015,1.1096928264294945
0.0015,1.195611265389125
0.0015,1.2998319204302076
0.0015,1.4592504474174304
0.0015,1.1700559305980942
0.0015,1.2898106648856993
0.0015,1.3778079382841297
0.0015,1.1128345888024944
0.0015,1.2206956571841403
0.0015,1.3946726224967418
0.0015,1.3121045419799766
0.0015,1.0675490619470294
0.0015,1.2357472843523918
0.0015,1.5626608751840156
0.0015,1.1320127490851823
0.0015,1.2861193126249153
0.0015,1.0821816978150025
0.0015,1.3872309413696562
0.0015,1.126679506793445
0.0015,1.2433636423699306
0.0015,1.076776313778659
0.0015,1.170992105918199
0.0015,1.232328582892129
0.0015,1.3230212710777058
0.0015,1.1110000605108257
0.0015,1.194165536206859
0.0015,1.0643417183844872
0.0015,1.210424611075653
0.0015,1.2095786953382173
0.0015,1.2764927258818923
0.0015,1.2593745563265981
0.0015,1.1311288970268012
0.0015,1.1729316657347633
0.0015,1.3337613355013787
0.0015,1.2369929675555729
0.0015,1.2205957711171098
0.0015,1.1430131549638758
0.0015,1.1993902486074215
0.0015,1.3653549118220913
0.0015,1.1782744479374
0.0015,1.1393885049332222
0.0015,1.1936362548737793
0.0015,1.1987026212630216
0.0015,1.2186860165982367
0.0015,1.239227627892593
0.0015,1.3314669136971466
0.0015,1.1275942815158724
0.0015,1.018069674147711
0.0015,1.382273056821746
0.0015,1.089509384445647
0.0015,1.4953641601140646
0.0015,1.2598418322338207
0.0015,1.2731243240323276
0.0015,1.271838639716776
0.0015,1.2909960213676863
0.0015,1.140340345269511
0.0015,1.2155753766108706
0.0015,1.3790080447527076
0.0015,1.185319176799626
0.0015,1.047637014753499
0.0015,1.2367975285273733
0.0015,1.2374637783657707
0.0015,1.6123205464103436
0.0015,1.130120245134654
0.0015,1.2903899835873376
0.0015,1.301767596494482
0.0016,1.3588666430496177
0.0016,1.347790642842225
0.0016,1.5155721289640651
0.0016,1.4594379368798969
0.0016,1.2748651971945346
0.0016,1.4383524502404064
0.0016,1.3215339619637174
0.0016,1.1218178367062783
0.0016,1.3233398306267405
0.0016,1.27666767232064
0.0016,1.2242224919730202
0.0016,1.2346810559508874
0.0016,1.3210557479207874
0.0016,1.1522354837095228
0.0016,1.1834433593197662
0.0016,1.3495161323177247
0.0016,1.2241608337842538
0.0016,1.0911448835404833
0.0016,1.3931275412786834
0.0016,1.230246554711875
0.0016,1.4231364542950258
0.0016,1.2997852953374887
0.0016,1.1967987775199
0.0016,1.2933427662508172
0.0016,1.26284664923712
0.0016,1.1510529958144033
0.0016,1.1677686035956831
0.0016,1.1505628999502464
0.0016,1.2027059227844479
0.0016,1.2785295893873405
0.0016,0.9921486535259795
0.0016,1.1142013369527652
0.0016,1.3154670409769775
0.0016,1.460058679325311
0.0016,1.312968626606559
0.0016,1.2530057699159969
0.0016,1.2099328540629377
0.0016,1.217598657008865
0.0016,1.4160204899445425
0.0016,1.2497472230710267
0.0016,1.2582955530970192
0.0016,1.315080162208029
0.0016,1.3544095218030174
0.0016,1.277982105835675
0.0016,1.2129974735720581
0.0016,1.3176495857803847
0.0016,1.328523506347927
0.0016,1.2268652700694624
0.0016,1.3072261348698428
0.0016,1.327243676053094
0.0016,1.374711242056266
0.0016,1.320065203795611
0.0016,1.4634492712772211
0.0016,1.2001350016767094
0.0016,1.2770657125547746
0.0016,1.2407609585002923
0.0016,1.1797294996622598
0.0016,1.6460296289324632
0.0016,1.3607900088881812
0.0016,1.1135981949884084
0.0016,1.328684605096662
0.0016,1.1941560129943911
0.0016,1.2910960241441205
0.0016,1.1264810421073024
0.0016,1.426250469958829
0.0016,1.3463083646300285
0.0016,1.374434692642437
0.0016,1.2178228628979582
0.0016,1.02734726979351
0.0016,1.1753374449815273
0.0016,0.9708733373410184
0.0016,1.1875904483327766
0.0016,1.005497942503842
0.0016,1.1430710104364146
0.0016,1.299818530277752
0.0016,1.2771656443566841
0.0016,1.3042609915402728
0.0016,1.2201191384642283
0.0016,1.1513085574579083
0.0016,1.6855214219845385
0.0016,1.2834305180749146
0.0016,1.1971259189640058
0.0016,1.224306343601134
0.0016,1.0861520382694005
0.0016,1.3268664864684696
0.0016,1.2585791016452268
0.0016,1.1731942566939282
0.0016,1.2744894509274023
0.0016,1.4572075276964207
0.0016,1.1983688362168212
0.0016,1.123785050265665
0.0016,1.0967860590542582
0.0016,1.108248318470113
0.0016,1.2488337987202558
0.0016,1.3008203439686765
0.0016,1.2128562576157917
0.0016,1.2931394684049353
0.0016,1.1581410638329266
0.0016,1.3777155410575306
0.0016,1.316296483403871
0.0017000000000000001,1.421137312264014
0.0017000000000000001,1.189884898264559
0.0017000000000000001,1.0757767431914587
0.0017000000000000001,1.1084790624542067
0.0017000000000000001,1.3344995151299879
0.0017000000000000001,1.2083639308349385
0.0017000000000000001,1.4742478149895117
0.0017000000000000001,1.4383524502404064
0.0017000000000000001,1.3644966349206418
0.0017000000000000001,1.05058451867182
0.0017000000000000001,1.412584818073557
0.0017000000000000001,1.444062575620205
0.0017000000000000001,1.3351483325869464
0.0017000000000000001,1.4188739435507873
0.0017000000000000001,1.239984513668197
0.0017000000000000001,1.3579941774336752
0.0017000000000000001,1.4381276100571982
0.0017000000000000001,1.2923090704235263
0.0017000000000000001,1.3064091461651357
0.0017000000000000001,1.3290222838845682
0.0017000000000000001,1.290385528381059
0.0017000000000000001,1.4489376999368229
0.0017000000000000001,1.1453134677681436
0.0017000000000000001,1.1369791754701386
0.0017000000000000001,1.3811508492469844
0.0017000000000000001,1.3367607704468267
0.0017000000000000001,1.591757733750793
0.0017000000000000001,1.385540484326982
0.0017000000000000001,1.4949250162869034
0.0017000000000000001,1.2382353241668083
0.0017000000000000001,1.1838631006098066
0.0017000000000000001,1.2122742660712336
0.0017000000000000001,1.2195243506775777
0.0017000000000000001,1.2334455718550026
0.0017000000000000001,1.2649828424468816
0.0017000000000000001,1.1985630452960883
0.0017000000000000001,1.1458453090709635
0.0017000000000000001,1.2399358646848013
0.0017000000000000001,1.5136570961398461
0.0017000000000000001,1.4316962673903442
0.0017000000000000001,1.3384931875342752
0.0017000000000000001,1.1851456812715064
0.0017000000000000001,1.2046652912768328
0.0017000000000000001,1.3047589504456056
0.0017000000000000001,1.2182930151878122
0.0017000000000000001,1.2553741061191823
0.0017000000000000001,1.69952864430879
0.0017000000000000001,1.127884791995943
0.0017000000000000001,1.2618635088440489
0.0017000000000000001,1.3573856969405793
0.0017000000000000001,1.272135767957746
0.0017000000000000001,1.3577745249706423
0.0017000000000000001,1.2691482959258868
0.0017000000000000001,1.2921308544451484
0.0017000000000000001,1.2384433015304228
0.0017000000000000001,1.2132560538834114
0.0017000000000000001,1.3810074970927717
0.0017000000000000001,1.2198566079005633
0.0017000000000000001,1.3100967409542206
0.0017000000000000001,1.1941433504822598
0.0017000000000000001,1.278599934592103
0.0017000000000000001,1.0630840048315893
0.0017000000000000001,1.1326954431757938
0.0017000000000000001,1.2325008755896616
0.0017000000000000001,1.2304813153170109
0.0017000000000000001,1.31412028622299
0.0017000000000000001,1.3005116403118095
0.0017000000000000001,1.2578033292012043
0.0017000000000000001,1.273927043903375
0.0017000000000000001,1.1083336954094325
0.0017000000000000001,1.1704912465422457
0.0017000000000000001,1.4541536066896286
0.0017000000000000001,1.1869780432959491
0.0017000000000000001,1.3790741204711365
0.0017000000000000001,1.312735704998971
0.0017000000000000001,1.0790533031339475
0.0017000000000000001,1.225049263732559
0.0017000000000000001,1.462695590223565
0.0017000000000000001,1.2483511963251157
0.0017000000000000001,1.1794206532795901
0.0017000000000000001,1.5432681867442395
0.0017000000000000001,1.2321721859996742
0.0017000000000000001,1.3363503496070706
0.0017000000000000001,1.2088696312779963
0.0017000000000000001,1.2005321254267913
0.0017000000000000001,1.2133711767262978
0.0017000000000000001,1.267585314262601
0.0017000000000000001,1.057136279884839
0.0017000000000000001,1.6468427705615207
0.0017000000000000001,1.318012393427199
0.0017000000000000001,1.2085666142049452
0.0017000000000000001,1.4698581098169865
0.0017000000000000001,1.1417728864637697
0.0017000000000000001,1.1672269211683546
0.0017000000000000001,1.472935602434081
0.0017000000000000001,1.3274773994007927
0.0017000000000000001,1.1947812076041924
0.0017000000000000001,1.3699352545067758
0.0017000000000000001,1.265496807238377
0.0017000000000000001,1.094245445480104
0.0018000000000000002,1.168238013485289
0.0018000000000000002,1.3015723684208116
0.0018000000000000002,1.1473216118571892
0.0018000000000000002,1.3465521903979973
0.0018000000000000002,1.1933200707457594
0.0018000000000000002,1.299836648500515
0.0018000000000000002,1.249839156066138
0.0018000000000000002,1.4096263160697888
0.0018000000000000002,1.2535654906468607
0.0018000000000000002,1.2110787680916917
0.0018000000000000002,1.3766571332408084
0.0018000000000000002,1.237416567439784
0.0018000000000000002,1.2319465646517582
0.0018000000000000002,1.346774247957063
0.0018000000000000002,1.3912511625352317
0.0018000000000000002,1.3400952931948633
0.0018000000000000002,1.177345394963276
0.0018000000000000002,1.243210039196847
0.0018000000000000002,1.5314762852161594
0.0018000000000000002,1.3315094516783597
0.0018000000000000002,1.1017819428247855
0.0018000000000000002,1.1273607209531191
0.0018000000000000002,1.107508729941195
0.0018000000000000002,1.3142002085719338
0.0018000000000000002,1.3298471858630168
0.0018000000000000002,1.2950604639743248
0.0018000000000000002,1.5467635467365082
0.0018000000000000002,1.3651662799584428
0.0018000000000000002,1.27362855924381
0.0018000000000000002,1.1528219831708724
0.0018000000000000002,1.3529494556317117
0.0018000000000000002,1.3654903875426392
0.0018000000000000002,1.1664515190322624
0.0018000000000000002,1.364407044376149
0.0018000000000000002,1.2506144274926991
0.0018000000000000002,1.1646472615511057
0.0018000000000000002,1.3207593477056798
0.0018000000000000002,1.2423153148897728
0.0018000000000000002,1.2928354491243728
0.0018000000000000002,1.4428868226929714
0.0018000000000000002,1.11064204154429
0.0018000000000000002,1.3011969335309572
0.0018000000000000002,1.2138591580455615
0.0018000000000000002,1.169166522771641
0.0018000000000000002,1.443403636088625
0.0018000000000000002,1.1951024926175793
0.0018000000000000002,1.1222422350733907
0.0018000000000000002,1.429976210093485
0.0018000000000000002,1.297956151062382
0.0018000000000000002,1.1796265874027956
0.0018000000000000002,1.332880275537672
0.0018000000000000002,1.150836500680354
0.0018000000000000002,1.182040097221823
0.0018000000000000002,1.1442582015953864
0.0018000000000000002,1.2567722762876696
0.0018000000000000002,1.3898665825499124
0.0018000000000000002,1.2191076483786951
0.0018000000000000002,1.2466080852946984
0.0018000000000000002,1.2980407173818134
0.0018000000000000002,1.1214735584640592
0.0018000000000000002,1.2110654129949319
0.0018000000000000002,1.302470649260419
0.0018000000000000002,1.3361293216366525
0.0018000000000000002,1.1815861860972865
0.0018000000000000002,1.3687409942593132
0.0018000000000000002,1.073851851194199
0.0018000000000000002,1.391340006817297
0.0018000000000000002,1.0645767683293792
0.0018000000000000002,1.3264386979671599
0.0018000000000000002,1.4349953578468657
0.0018000000000000002,1.2890585765340332
0.0018000000000000002,1.3392934396018965
0.0018000000000000002,1.211162980443867
0.0018000000000000002,1.2430029731466978
0.0018000000000000002,1.3384326088438367
0.0018000000000000002,1.2274224672506333
0.0018000000000000002,1.3436622053124716
0.0018000000000000002,1.2190577065204815
0.0018000000000000002,1.0653788715260752
0.0018000000000000002,1.3049308351733386
0.0018000000000000002,1.156222414052146
0.0018000000000000002,1.4962546382947894
0.0018000000000000002,1.4567213796791947
0.0018000000000000002,1.3210735311729045
0.0018000000000000002,1.2687201690176564
0.0018000000000000002,1.1718577716970777
0.0018000000000000002,1.2238243058675842
0.0018000000000000002,1.306737743610381
0.0018000000000000002,1.0925199975071396
0.0018000000000000002,1.2627977381295745
0.0018000000000000002,1.0544649487232116
0.0018000000000000002,1.418366035448166
0.0018000000000000002,1.403828478231997
0.0018000000000000002,1.0588895330545531
0.0018000000000000002,1.1186454964656551
0.0018000000000000002,1.249429253838066
0.0018000000000000002,1.2332440687796011
0.0018000000000000002,1.1615037655457081
0.0018000000000000002,1.2444968244177694
0.0018000000000000002,1.2116953567229913
0.0019,1.3170298786913803
0.0019,1.1775507887530992
0.0019,1.0903207674858995
0.0019,1.2692177154411335
0.0019,1.226991956237271
0.0019,1.1653496621890553
0.0019,1.3219252328309252
0.0019,1.2802444560970292
0.0019,1.2521227371157175
0.0019,1.2761520748610928
0.0019,1.1490760462958987
0.0019,1.3097560185750998
0.0019,1.26375817917243
0.0019,1.5241831513011153
0.0019,1.280384495177516
0.0019,1.27787598834468
0.0019,1.4656053456621494
0.0019,1.3559544127721659
0.0019,1.2020222871577153
0.0019,1.2754138320206976
0.0019,1.2951663799475501
0.0019,1.2857439128918589
0.0019,1.1494971410010837
0.0019,1.191479097654356
0.0019,1.1702551355918442
0.0019,1.1268841950122037
0.0019,1.2688073463577896
0.0019,1.1609884477421681
0.0019,1.2809537197661718
0.0019,1.1260561182216653
0.0019,1.3222806955788224
0.0019,1.2172847797161093
0.0019,1.5096987625437999
0.0019,1.404049111640267
0.0019,1.2665301791148276
0.0019,1.1515672076324217
0.0019,1.3117544416811169
0.0019,1.1567492106727575
0.0019,1.381716690927268
0.0019,1.1314674035658958
0.0019,1.2015106420334551
0.0019,1.2057470492687852
0.0019,1.3265115860667323
0.0019,1.2697161324402035
0.0019,1.3951402972959484
0.0019,1.5008746979889434
0.0019,1.4211394194342144
0.0019,1.333410853511775
0.0019,1.350563145362024
0.0019,1.2853839313986615
0.0019,1.0810479938747612
0.0019,1.3547196650909958
0.0019,1.461006715895214
0.0019,1.2727901120690417
0.0019,1.1586516543650065
0.0019,1.017798007247594
0.0019,1.3207688658404582
0.0019,1.2578802115746643
0.0019,1.2491325114652085
0.0019,1.1709425267710507
0.0019,1.3102634966067155
0.0019,1.4730955676130297
0.0019,1.2420782689418175
0.0019,1.133227384532288
0.0019,1.1563750041674012
0.0019,1.3896189895153377
0.0019,1.5707587450951785
0.0019,1.1339114603768614
0.0019,1.175124556407882
0.0019,1.2863232074425845
0.0019,1.1832569885688093
0.0019,1.1470606757084678
0.0019,1.4384671254400054
0.0019,1.2537911432454767
0.0019,1.1089262754338514
0.0019,1.1920284506542742
0.0019,1.3686732510992006
0.0019,1.3862958682196527
0.0019,1.0831270284345225
0.0019,1.282558212943231
0.0019,1.4533420580863354
0.0019,1.3658383661910298
0.0019,1.2448016510326598
0.0019,1.2640343947757025
0.0019,1.5006824224841875
0.0019,1.2597319386071106
0.0019,1.3038100108762785
0.0019,1.026545448846666
0.0019,1.2817513321607106
0.0019,1.1734357514898233
0.0019,1.2948938425013439
0.0019,1.556764580946283
0.0019,1.412657228783562
0.0019,1.278599238676783
0.0019,1.2780064147381873
0.0019,1.1589471432617344
0.0019,1.301818072391549
0.0019,1.3796614865703698
0.0019,1.3590375345222705
0.0019,1.2224602872516497
0.002,1.2359724028940082
0.002,1.4535395664297501
0.002,1.2965432890735247
0.002,1.2461589174547623
0.002,1.154271769968579
0.002,1.271327522961567
0.002,1.038276281807975
0.002,1.4989246001745915
0.002,1.323377720117977
0.002,1.2517344805109132
0.002,1.270045371945948
0.002,1.401518269424248
0.002,1.3803320553190241
0.002,1.3547966376309508
0.002,1.3390629463114228
0.002,1.1657925232652435
0.002,1.379151556253716
0.002,1.3616447700595384
0.002,1.1297447969245054
0.002,1.291668910003999
0.002,1.1574648005559907
0.002,1.3551551728278772
0.002,1.1199215235984763
0.002,1.2273831294472832
0.002,1.2381171565225046
0.002,1.2564518331342764
0.002,1.3931148024159428
0.002,1.2302818068763306
0.002,1.2316624374825558
0.002,1.1664267472166274
0.002,1.2170462129973716
0.002,1.0686741694506108
0.002,1.222937937149097
0.002,1.4895017154142025
0.002,1.2503832065517821
0.002,1.4220216082451451
0.002,1.1728989358861854
0.002,1.289513573572964
0.002,1.2078472699408394
0.002,1.0122193020026031
0.002,1.0040534049943484
0.002,1.1957929692714604
0.002,1.3502689689813725
0.002,1.4159967968328506
0.002,1.1120356708017018
0.002,1.4056866322161816
0.002,1.3374223082013885
0.002,1.2174365342767897
0.002,1.0773006954111763
0.002,1.2480318909675212
0.002,1.1331313183735567
0.002,1.1158348987400795
0.002,1.1969381569110542
0.002,1.2655483996380066
0.002,1.1200285258276519
0.002,1.1534947270882863
0.002,1.2158916091224725
0.002,1.2933137347224866
0.002,1.193865876444355
0.002,1.3520016469318066
0.002,1.3050901945270665
0.002,1.1810996944778012
0.002,1.219447743487502
0.002,1.2164604259240872
0.002,1.448932153639383
0.002,1.2928440353437123
0.002,1.49561670625691
0.002,1.1918818375594464
0.002,1.2695534370209565
0.002,1.156537514344321
0.002,1.2274476625359583
0.002,1.236262688025037
0.002,1.1200588181247566
0.002,1.29212773305547
0.002,1.1394987620392811
0.002,1.5410252372527757
0.002,1.391054122337994
0.002,1.2991075177984752
0.002,1.0522681944171595
0.002,1.21767255804905
0.002,1.1875692919032823
0.002,1.1201841267059875
0.002,0.967252399838231
0.002,1.1718826487283678
0.002,1.396732649823254
0.002,1.3173184342261302
0.002,1.143910375193563
0.002,1.1612272517854054
0.002,1.6565060546313277
0.002,1.3448667011041202
0.002,1.360034361499721
0.002,1.2550456587312062
0.002,1.367262860844381
0.002,1.282630909579923
0.002,1.236029121186819
0.002,1.1772675351496762
0.002,1.1636042387703711
0.002,1.5058249328681073
0.002,1.1827937375641733
0.002,1.136702567280381
