stage,merge_prob,adhesion,fragment_rate,heading_sigma,init_n_clusters,dist_s,dist_scale,nnd_rmse,s0_rmse,s0_rrmse,s1_rrmse,s2_rrmse,penalty,score
12,0.8360664595518097,0.8331173996520287,0.0005676572188921753,0.48973105089846575,962,0.6692605706232855,3.4776526371372234,12.606754943544326,14.456729445635187,0.14439240447710774,0.12938980872358602,0.35619944070227966,1.5619944070227965,28.625478796202312
12,0.8500941030148128,0.8199913605983529,0.0007580360790252577,0.4542272280485643,958,0.6956632423746845,3.4790320322872237,12.322088964769023,15.08500006275033,0.14299976526078292,0.13008930599328494,0.30904406851858574,1.0904406851858572,28.497529712705212
12,0.8403318543388684,0.8466190272437617,0.0007303231631334964,0.44577575385632584,965,0.7075681709784348,3.4600023648736142,13.530401702949884,14.646726560200051,0.1445286820267527,0.128941726115334,0.29366631277218774,0.9366631277218773,29.113791390871814
12,0.8450783201132533,0.8260382949058764,0.0005272710254096996,0.4694239039995952,957,0.6809860952604593,3.4419339061479204,12.576407301698714,14.476481817733728,0.13459338135832463,0.1307095378516301,0.28633983627095216,0.8633983627095215,27.916287482141964
12,0.8379246359988137,0.8154818815547558,0.0005713923597394512,0.44907203543212487,963,0.6868144400904889,3.4645499888492637,13.77856624745597,13.591602176123487,0.13800901262142615,0.12081862391489097,0.26310162425285827,0.6310162425285826,28.00118466610804
12,0.8361537653210481,0.8464315127289034,0.0008107484086904721,0.49291665714346444,957,0.6723005917315137,3.4761768403490323,13.51277625674204,12.056417444550297,0.11727739579288651,0.12368635216352082,0.2609442096136597,0.6094420961365971,26.17863579742893
12,0.8431197362150635,0.8457467865731753,0.000568800026878019,0.4999849379620692,965,0.6658314845237618,3.4578419087549865,14.552455347879015,13.14198828733099,0.13109770542306645,0.12523758117078135,0.32533068166269574,1.2533068166269574,28.947750451836963
12,0.848096536660583,0.8186067944081973,0.0005707676254377921,0.47224506527779975,956,0.7120541624832205,3.456124545113256,11.708559972639758,12.364037127169041,0.12874150755814504,0.11120699018698048,0.27840902127523787,0.7840902127523786,24.856687312561178
12,0.8349354397060441,0.8392676926827166,0.000832008922318372,0.496076074508297,957,0.6994913733445095,3.45388534933459,11.897352546170863,14.00337207085468,0.13510762358080364,0.12634358533135095,0.32998338878094496,1.2998338878094495,27.20055850483499
12,0.8475991945292636,0.8203683278085553,0.0006801712192067889,0.45959400951549106,955,0.6822605689063576,3.4347949550662062,12.830157044129038,13.123872210832278,0.13943980029655337,0.12920812368060702,0.29768793003102384,0.9768793003102383,26.930908555271554
12,0.8510929459981809,0.8353730247920127,0.0005449694163225937,0.49767642247807387,964,0.6697600447915967,3.4774531942652533,11.932078670892038,14.997815328977552,0.15645121131938172,0.13332589767161337,0.3109217245393291,1.1092172453932907,28.03911124526288
12,0.8335610889993901,0.8378963952032591,0.0005439536455145996,0.4494582719021798,961,0.6977260532992506,3.4575657463626968,12.490720313812066,14.609375057447476,0.1347613083318488,0.13409583495439173,0.3011271771946292,1.011271771946292,28.111367143205833
12,0.8372774431919702,0.8208817102043311,0.0008263161385204149,0.47555589455733993,963,0.7102145152348025,3.44888283151769,12.382007223535199,13.857552116211531,0.1397888743519526,0.12211556297185035,0.28860780135966896,0.8860780135966895,27.12563735334342
12,0.8329140506156252,0.8282158487024707,0.000520808603532761,0.4846829094124651,958,0.6699628738994658,3.4372885707143386,11.742372704984167,15.838689361684589,0.15288873561211497,0.1318644504050186,0.30717384967190475,1.0717384967190475,28.652800563387803
12,0.8509808878922797,0.8420767404527995,0.0005334815076437498,0.4528139456933791,957,0.6810819469277263,3.4865660360834894,11.76115307015344,16.22436059010832,0.15739765307609532,0.1352571366612749,0.311530140164302,1.1153014016430203,29.10081506190478
12,0.8367208381772995,0.8100612307917476,0.0005926218723579732,0.49694321930316565,961,0.6972601484189963,3.4690809337447575,11.717303409032066,13.674219892576067,0.14189376847633983,0.12918528911609578,0.2886104086187568,0.886104086187568,26.2776273877957
12,0.8372909142688999,0.8376789994305138,0.0005781721047396792,0.4912369758519955,960,0.6752411353693432,3.458963402556905,14.686212777935026,13.885806438620124,0.11942299387004243,0.12945481879972556,0.2771184987886629,0.7711849878866289,29.343204204441776
12,0.8436992777519692,0.8215429975471529,0.0007284844489831014,0.4563164467276025,963,0.677037384399512,3.4685060767458866,13.609333880587414,12.395460200703337,0.12686019656147998,0.12211640726341069,0.2572798310575139,0.5727983105751389,26.57759239186589
12,0.8424103956691512,0.8442900621992333,0.0007976052631942127,0.49326892491612323,958,0.6724586817642071,3.481898785934212,10.586000775760745,14.112756059495043,0.1406218351481452,0.13069006661134414,0.30343462961844875,1.0343462961844874,25.733103131440274
12,0.8385255897006265,0.8391552746182299,0.0006789427142077733,0.48588985484641645,962,0.6813270044184296,3.4821713091440523,12.284036238242503,12.605213644909282,0.1294445143963582,0.11503629521713293,0.2759930277536271,0.759930277536271,25.649180160688054
12,0.8415460251958878,0.8275478347833808,0.0008341841213495565,0.4977626225811252,959,0.680084171995114,3.461245272148899,11.374100554756094,13.362596602567583,0.13508888407989242,0.12516262871073122,0.299066352250948,0.9906635225094801,25.727360679833154
12,0.8366123514834535,0.8445049168706842,0.0008172269152039373,0.48529500571728396,959,0.704605722891377,3.457999015412746,11.362221784618567,14.284188071150556,0.13870924812282945,0.13268856395620668,0.3188533068123776,1.188533068123776,26.834942923892896
12,0.8478853452132997,0.8393180465394718,0.0005658973653179984,0.45747045568154276,964,0.6700223369222564,3.4409416179506978,13.892365613023067,16.0862703314321,0.14776498533359364,0.138160707220868,0.2928266227107868,0.9282662271078679,30.906902171563036
12,0.8407189687131679,0.8263368261671248,0.000537103531427417,0.489508126493948,956,0.6908672261050676,3.44691877413086,12.845272233415821,13.386362133803924,0.12222588088823855,0.14221269888439905,0.2960679068185569,0.9606790681855687,27.192313435405318
12,0.8466402394410115,0.825636454722355,0.000672254966490769,0.5037987545288154,962,0.6906999052970666,3.4539095871835443,14.28476851091879,11.326246667408975,0.12551605218295686,0.11421935806852508,0.2661114071247785,0.6611140712477848,26.27212924957555
12,0.8471530299788372,0.8397280383543517,0.0006847974971571859,0.4910862211145259,960,0.6721489579719621,3.4628931091834416,12.36579222058696,15.189888393532808,0.13204419190680242,0.13590810022215868,0.31301512654678443,1.1301512654678443,28.68583187958761
12,0.8417794618614486,0.8429417607498051,0.0005932366939901537,0.49933792648611514,964,0.6919230318953192,3.4474191584948164,12.292994164322856,12.093146643193387,0.12231016372568525,0.12405971529106227,0.27579352929771217,0.7579352929771216,25.144076100493365
12,0.8365145251830786,0.8415372939729121,0.0006028407721728877,0.49683682003002894,958,0.6918676457157296,3.462311266883631,12.56514113179765,12.22661834365987,0.1221942715830813,0.1207984204404272,0.2878520437860787,0.8785204378607869,25.670279913318307
12,0.8474085423986764,0.837051026752845,0.0007249333864752681,0.4592976364381078,957,0.6683457025039308,3.4855485678715574,11.968148437634133,12.384904830570587,0.12254341412494923,0.12647402891722698,0.283406119090196,0.8340611909019596,25.187114459106677
12,0.8471304967593739,0.8371241893348992,0.0006929560366421537,0.5016761150893735,954,0.684638431430167,3.4848417226897874,13.930020945744111,14.88703486839504,0.14633704239266102,0.12904985045325676,0.2976904283245555,0.9769042832455549,29.79396009738471
12,0.8456694662087842,0.8182426840074166,0.0006126480399279437,0.48806774170917605,959,0.7098387692147325,3.4444529417688585,13.042889117657603,11.954647525579183,0.1223692621622901,0.12368948554452694,0.2940117861452501,0.9401178614525008,25.937654504689284
12,0.8366859582855685,0.8418115419096739,0.0005526044300361262,0.46754900100868907,956,0.7078747133321129,3.4446997251748765,11.454412906543617,14.358914516620796,0.14125529460188502,0.12312059762691602,0.26117618775609325,0.6117618775609324,26.425089300725347
12,0.8418200907496294,0.8198377041581884,0.0006174541784299573,0.4751256022888813,954,0.6889196998701841,3.4341777180228603,12.808178766060568,14.85164353516246,0.14575458655346257,0.13343993585349972,0.28630553348340837,0.8630553348340836,28.52287763605711
12,0.8364894876659227,0.8450244158298513,0.0007755613518095779,0.4891211762185048,958,0.6873708861643008,3.449615935183072,15.705069454040496,12.995493425250228,0.1224008973702081,0.13716119834075194,0.28815788163335293,0.8815788163335292,29.58214169562425
12,0.8473096313100785,0.8296358151602583,0.0005456171387255421,0.4514667501887675,962,0.6717363483637654,3.4557405515044604,15.073172721878326,12.715706613723594,0.13714297708633702,0.11623433508461624,0.28370024168562497,0.8370024168562495,28.62588175245817
12,0.8499715684620718,0.833396386278354,0.0006569209001068165,0.4555655918413284,963,0.6695847935791205,3.448855415713115,14.800395480503047,12.202172096436652,0.11302816785907688,0.12777678870409911,0.27132230211105735,0.7132230211105733,27.71579059805027
12,0.8403169361739407,0.8369182617858429,0.0005343546084434212,0.45001722333403615,964,0.69044128256641,3.4728943223973676,13.991343626542989,13.877601925457846,0.12713397303374774,0.13063304540889523,0.27858018878025936,0.7858018878025935,28.65474743980343
12,0.8414280759592957,0.8193224114796783,0.0005576889221844683,0.45093129185361386,956,0.6855058607064441,3.4547912788661788,14.209377300523677,13.481344472226684,0.13021878816344754,0.12950607055490554,0.2845139989486814,0.8451399894868139,28.535861762237175
12,0.8370056457124965,0.8461220992705157,0.000766325720408438,0.4851602990513101,956,0.7095799576030182,3.4653727907125655,10.660981728903225,13.761308968783037,0.14941293446757173,0.11911414455671092,0.2768429066054538,0.7684290660545379,25.190719763740802
12,0.8423779130953317,0.8409201719243947,0.0007047464369356279,0.4506144042161671,962,0.6848991709414017,3.4498039906384292,11.37181584531586,15.856855205084967,0.15740751562189068,0.13739768184051976,0.3152752074520689,1.1527520745206887,28.381423124921515
12,0.8477013261764508,0.8339796540526214,0.0008021992548780583,0.4469242338082598,958,0.6716593137663295,3.447607660982053,11.82972216656065,13.647828950607108,0.13658694217077563,0.1281605150989312,0.2710581160744013,0.7105811607440127,26.18813227791177
12,0.8457957914323643,0.8144096926283598,0.0006690580930668217,0.5017541669806486,963,0.6760212388425281,3.484667675633907,12.173679964553404,13.259412010716854,0.13499359926137294,0.12245288639226469,0.28540604805407216,0.8540604805407215,26.28715245581098
12,0.8382455026960487,0.8112617929029605,0.0005792348274306729,0.459717112613182,958,0.6845604785840778,3.4755109413688503,13.034622627473919,12.802547055417485,0.13561687332614478,0.12487782296533295,0.3040027255179121,1.0400272551791208,26.877196938070526
12,0.8416807255655963,0.8110430712719707,0.0006389336281642807,0.47515029440529344,957,0.6845369790641755,3.443292247587443,12.19497593897753,13.427649934981474,0.13848243353141015,0.1226360861724093,0.28052030249877286,0.8052030249877284,26.427828898946732
12,0.8437968898191607,0.8173005253928902,0.0006014457989117311,0.4565705523845829,963,0.6698934205006014,3.482141441979106,14.449597705542036,13.448737544604938,0.14101457187459582,0.1251242304291666,0.30383011933505993,1.0383011933505992,28.936636443497573
12,0.8387107921071444,0.8230875609479408,0.0007898720967313522,0.48400111458827444,955,0.6706734808770569,3.4333886680976353,15.817005689995089,12.248456842417395,0.1138405394642937,0.12350671769366983,0.2648418569903833,0.6484185699038331,28.713881102316314
12,0.8461495111265148,0.8244112045809904,0.0007548179378954735,0.48227669355895897,957,0.6844694322994648,3.481041940256205,12.296072691252549,14.84894286838492,0.13811956300058348,0.13271737532852906,0.289834240044839,0.8983424004483898,28.04335796008586
12,0.8367863745259326,0.8244944227161011,0.000599731772757625,0.49761056274777143,954,0.6726314001495635,3.449975545935826,13.619158755478278,12.373097502244297,0.12272227953343393,0.12407867383636957,0.2842614814928485,0.8426148149284851,26.834871072651058
12,0.8425670448559065,0.8357919567195273,0.0005253775583157664,0.44902057289724095,959,0.6737837358130478,3.468763501792676,11.611999570459417,13.509575196054751,0.12973873210317377,0.1229024264889098,0.29025054734336664,0.9025054734336663,26.024080239947835
12,0.8392546610104369,0.8413748720907616,0.0005898852302147549,0.4753608741579062,960,0.7114089485492807,3.4558875108582345,11.41872974294761,14.696994294916912,0.14319629613009416,0.13093149653404781,0.3620956529967774,1.6209565299677737,27.7366805678323
12,0.8456936945353433,0.8417987466732657,0.0005616666239307054,0.4773252365413282,962,0.7102991797697166,3.4671295372276,10.300622851057428,15.991114267095748,0.15614116190410554,0.1358207584291885,0.30677028967222275,1.0677028967222273,27.359440014875403
12,0.8453872970893747,0.8325542453104625,0.0005392413018100623,0.45170191796332654,962,0.6865104660864284,3.4834028967254933,12.224887792832225,13.556406289624045,0.13641932597087106,0.11977137850884643,0.27687942614144045,0.7687942614144044,26.550088343870673
12,0.8427548573853484,0.813915928807305,0.0005232200838740729,0.49018875833983777,965,0.7036356506975529,3.4353210043739093,14.185592144010467,13.18567383621273,0.12597496990965823,0.1278973890658854,0.29716163028785997,0.9716163028785996,28.3428822831018
12,0.8517244207478255,0.8215050787468404,0.0007041017790897113,0.49456095801894273,964,0.6948957711101557,3.485915618097366,11.65197879927416,14.2893795377597,0.1521325273826956,0.12843175823301797,0.2932040074915731,0.9320400749157309,26.87339841194959
12,0.844819410714719,0.8440099246562157,0.0005510955511708072,0.5036517610582919,959,0.6825450322172816,3.482891516333488,10.626192852988407,13.508804837865297,0.13313800141549875,0.12553418817969475,0.30039606528313256,1.0039606528313256,25.138958343685026
12,0.8413732845659805,0.8135852498207984,0.0007445342863215106,0.45179671131934,964,0.7130032519040085,3.4681416084084398,10.739559295323039,17.4319234845408,0.17362213574894445,0.14733398418874039,0.3598598413591294,1.598598413591294,29.77008119345513
12,0.8512615568389176,0.8440517948168611,0.0006452950002163637,0.4529083591784392,965,0.6724225761197102,3.4863015831175956,12.708724145312662,13.362509707029464,0.13810348612091047,0.12606175039403184,0.30172049881052165,1.0172049881052163,27.088438840447342
12,0.8416638282133722,0.8263010761723499,0.0006926283344057991,0.4832985091071767,955,0.6645947554657178,3.451991669241599,12.10548892104452,12.176481943551154,0.11765593118089407,0.1236940667198578,0.29399411496874167,0.9399411496874166,25.22191201428309
12,0.8469940423255206,0.8337434279573518,0.0007935447158982996,0.49635382078133294,959,0.6820919520543487,3.483053601002885,14.692803694438306,12.877625526708634,0.1300312009107511,0.12981532430474593,0.28544844876728265,0.8544844876728264,28.424913708819766
12,0.8352992582515726,0.8180423940882485,0.000789401312619692,0.4790694007492933,956,0.6901936548903835,3.4372722723069074,12.20880451850607,14.212515334625783,0.14120132415142378,0.13638254174129705,0.30462989017882874,1.0462989017882873,27.467618754920142
12,0.8377233650579645,0.8161031224563854,0.0006330946555747442,0.47667931596473057,960,0.6928357169754474,3.455380674292205,12.162798840517505,12.358246285653177,0.1276403586396107,0.12266620483200022,0.2744225430977393,0.7442254309773927,25.265270557148078
12,0.840785986453826,0.8312560093753114,0.0007064351420749659,0.4775054471424341,965,0.6923344735828207,3.4581433076110475,11.781304977085629,12.882811857092948,0.13179818142518213,0.12410454695187073,0.28696077013333804,0.8696077013333803,25.533724535511958
12,0.8434566371923021,0.8371948115987393,0.0006818421262583019,0.4782148496540676,962,0.6928823439588142,3.468209854239873,12.979950518890869,11.17110100893976,0.12208502998377833,0.11446806770529531,0.2750498535084841,0.7504985350848409,24.90155006291547
12,0.8435642068800382,0.8150494688082528,0.0005873431105656308,0.4724259192920053,957,0.7037714304356306,3.4347047294591033,12.846184225744631,12.224879346891832,0.12702708373482535,0.11408554861445638,0.28735085076643524,0.8735085076643523,25.944572080300812
12,0.8507391882234882,0.84549982538143,0.0007397386877519858,0.4801332553630406,957,0.6771364547171289,3.4603626253978823,11.315852257532402,12.784033088822337,0.12621426253423806,0.11607324159874396,0.2652210367457486,0.6522103674574858,24.752095713812224
12,0.8420556452824518,0.8436885631152986,0.0006690673524226677,0.47163825874968657,965,0.6699142915376542,3.4843030122206637,11.50891957716636,14.78083120426288,0.15572641803966397,0.12132047712189846,0.3272427008211968,1.2724270082119675,27.562177789641208
12,0.8409514180470746,0.8197126006496863,0.0006128767189780712,0.4698718943708944,959,0.6822398771739396,3.4566374187151974,13.290811373475492,13.767970995450618,0.1440105770903097,0.12063118466991604,0.28194248671788447,0.8194248671788446,27.878207236104956
12,0.8440431750623422,0.8409291344146351,0.000599285891231605,0.4969419631740708,955,0.6852569973667156,3.4825575700136633,13.269442841417128,14.490426112894319,0.13412643354679235,0.1330230126087227,0.29425029721257967,0.9425029721257966,28.702371926437245
12,0.8471997398372404,0.8414030205544591,0.0007188795511669512,0.48725523294702877,959,0.6877504803766151,3.4526665690888256,10.800335787294516,12.937554034321595,0.12925933899321745,0.11803154858880928,0.28149296989198863,0.8149296989198862,24.552819520535998
12,0.8494973203532389,0.8428136580753935,0.0007079569116896462,0.48720209117762464,956,0.6912385499114403,3.450468112562358,10.945840081300863,14.82693445198282,0.1466062732307409,0.12957543659807733,0.30195445675294347,1.0195445675294346,26.792319100813117
12,0.846646363024583,0.839836893603685,0.0006198335351250413,0.48800910858179297,962,0.6842608546422977,3.439825916162892,12.578011564703479,12.139802011711083,0.12317470853101538,0.12047919793462292,0.2952535892745969,0.9525358927459687,25.67034946916053
12,0.8469295906937905,0.820281852058142,0.0007676685698030486,0.49232192155454074,959,0.6679695886538564,3.4759819482928895,13.192711864133402,13.414477277184226,0.1290420154136182,0.1307839232507706,0.33107517717637,1.3107517717636996,27.917940913081324
12,0.8342410705005745,0.8457986397496172,0.0005932721759843692,0.49589485354006296,954,0.6938406584286796,3.4808415235225922,13.438557744652698,12.902877316095866,0.14201089134282113,0.12048436437913068,0.27022743123981563,0.7022743123981562,27.043709373146722
12,0.8495004390968625,0.8351804582804006,0.0007150339199778293,0.4975748432150632,954,0.666035915226675,3.4337820801628567,12.865551679410352,14.182179766844826,0.12358059167414787,0.13869103138633931,0.3012037555064235,1.0120375550642347,28.059769001319413
12,0.8505740820639669,0.8420679063056862,0.000551059268568872,0.4673140908209619,959,0.6956929145139155,3.458147012297707,13.447075628517855,11.406064804727825,0.12842753748419458,0.11309986623827947,0.2668137456103877,0.6681374561038766,25.521277889349555
12,0.8478189282214593,0.8465041763021172,0.000591012928544132,0.4665089010127858,957,0.7013530374611968,3.452673736264255,11.724377500794034,13.837719381873892,0.14272807606507362,0.1211144901104684,0.2968450693935182,0.9684506939351817,26.53054757660311
12,0.8496955488328949,0.8261184885358501,0.0006170229659120089,0.48562836398316933,964,0.6700048115201619,3.471580705045613,13.334860575508653,13.038866781208206,0.13014180367941325,0.1231655048016665,0.2762670620259346,0.7626706202593458,27.136397976976205
12,0.849319182730037,0.8160061189562989,0.0007197081849144174,0.4776055964206661,955,0.680522882420742,3.484170092539524,10.94869747505046,13.3134120876478,0.14475346983555268,0.12451205723211618,0.28673782121100283,0.8673782121100282,25.12948777480829
12,0.8411959148991467,0.844436752560747,0.0008162094370729331,0.488201458600546,957,0.6910256135330928,3.480549806085732,15.043884988458364,15.518318934766388,0.15388289168832628,0.13630164043860682,0.3194797371982894,1.1947973719828942,31.757001295207644
12,0.8509023325542715,0.8284921554201303,0.0006688004351030796,0.4894654791261417,957,0.6978443779304453,3.483168365185141,12.506553889088107,14.715597201035456,0.1465962310621031,0.1289475987835397,0.30570034590462075,1.0570034590462074,28.279154549169768
12,0.8416166885824581,0.8131259955478843,0.0008046256657672228,0.46310348420087527,956,0.6919639147280646,3.4507663453825352,12.559119645372508,13.668867977715848,0.13405577689328463,0.13179080123957992,0.2926884167403261,0.9268841674032607,27.15487179049162
12,0.8397735062340943,0.8459493908070198,0.0005671901952348197,0.4537895450227031,956,0.6822208520178255,3.4608811576981315,13.192978036743632,11.613217103084372,0.11444981312452165,0.1273290575058465,0.28246414795085373,0.8246414795085372,25.63083661933654
12,0.8432472433046629,0.8131523963737278,0.0006684110955746531,0.49338879972265587,963,0.6665461517400694,3.4758731060604076,15.813094081010858,14.670235574324051,0.13221735854971253,0.13094911957101008,0.27452773691919957,0.7452773691919956,31.228607024526905
12,0.8437988039137456,0.8111417934689802,0.0007531718562793374,0.46086368955450663,962,0.6921897999096674,3.4529968885679327,12.80811664617043,13.366166382362064,0.13780150732923288,0.12325781957267899,0.2711558212948095,0.7115582129480946,26.885841241480588
12,0.84814670460071,0.8295697772905258,0.0008159165449423701,0.5030024007365101,960,0.6956573341279733,3.462244172871349,14.36664102094056,13.083323016406364,0.12010595353127052,0.1336366033831341,0.28716451998744524,0.8716451998744523,28.321609237221377
12,0.8335153007541171,0.840058837374334,0.0006204170640127422,0.45710147642632926,959,0.6676236091426346,3.4506926510990037,13.13837737995363,12.038871202778132,0.11789894437578713,0.12413673874245558,0.27862873838155067,0.7862873838155066,25.96353596654727
12,0.8449390637203756,0.8096348411433097,0.0006457034586736595,0.48572502473123685,956,0.7049860857181359,3.457504905639836,12.23590705125157,13.294758321412434,0.14211086978180076,0.11447696901328959,0.258572160639725,0.5857216063972498,26.116386979061254
12,0.8403174170699521,0.843544030991622,0.0007164213886379207,0.44833155345952697,955,0.6642035410695658,3.439103073686554,13.26559100551398,12.30867390435927,0.11673084912702851,0.1267135810598046,0.2707449645653251,0.7074496456532509,26.281714555526502
12,0.8402061623512381,0.8461896257370214,0.0006369107408750549,0.46338506034126,960,0.6805929956196763,3.4602181286791636,15.017648875094007,12.933254470369016,0.11857572280360383,0.12867137032073234,0.28023896868338977,0.8023896868338976,28.753293032296924
12,0.8384289567813876,0.8459536667405125,0.0006110314223732067,0.5029897473525012,959,0.6794066579765605,3.4546957268867478,14.024083379078727,12.222661493996663,0.12238398847220237,0.11771025827197124,0.28108706170888664,0.8108706170888663,27.057615490164256
12,0.8500249608489168,0.830070091828936,0.0005973347836056722,0.5033480809893871,964,0.6885268583556805,3.458324798163767,13.687910866673903,13.781578222489074,0.13043721748705844,0.13253834638258857,0.30447695838440775,1.0447695838440774,28.514258673007053
12,0.8497763484032498,0.8209565558921953,0.0008363175164530644,0.4519513190782052,959,0.7110635869130815,3.471899113058106,12.081068575166716,14.348201602631216,0.13901519543523758,0.13188792814147413,0.3138791243289093,1.1387912432890928,27.568061421087023
12,0.8516912640619705,0.8280457704788715,0.0006305424636657823,0.4568616794830129,964,0.7108302355394261,3.4467691703766996,11.603209496324245,16.08504062153513,0.1580853163586091,0.1364231824899139,0.3609876069237381,1.609876069237381,29.298126187096756
12,0.8513482819072394,0.8268295463949844,0.0005679058749300557,0.46215847598275733,964,0.6812341083657715,3.44877463400422,11.411872993067268,14.344941395665707,0.1468371465793541,0.12760921204812134,0.28437342462667287,0.8437342462667285,26.600548634999704
12,0.8357705648986097,0.8288694119575193,0.0007198456858264142,0.44736163802807666,959,0.7036397726669468,3.4842704691901853,13.201291445680262,13.09044150956238,0.13720321288855453,0.121097236447751,0.28477630836898105,0.8477630836898103,27.139496038932453
12,0.8368366475787109,0.8425941865896023,0.0005322442097553888,0.45696644203016257,957,0.6947928951336568,3.4637823036278195,11.066102499287519,15.868251488142903,0.15145287942281888,0.1309195189589554,0.3098984664617893,1.098984664617893,28.033338652048315
12,0.8343345087842882,0.8204901562555257,0.0006853641939999998,0.47622522746965046,964,0.6874468776838417,3.4502524924632985,13.375990840700103,13.800657195791677,0.14233135830470128,0.1230794445034621,0.2906142882529066,0.9061428825290657,28.082790919020844
12,0.850748550043677,0.8468048808660457,0.0008488650705416894,0.46189780924904467,959,0.7105656379178409,3.4725249317609417,10.364394071268777,19.3700927589469,0.17833640247306176,0.13830554908209863,0.34978220957502026,1.4978220957502026,31.232308925965878
12,0.8367213647667129,0.815751227608464,0.0006742005706927122,0.4488855783200673,964,0.6698383221859145,3.478620996894073,13.917622457750904,12.197762565454763,0.12346650370396561,0.11761860632980545,0.28545778909259073,0.8545778909259072,26.969962914131575
12,0.8389043583240569,0.8423219936229678,0.0006438523719806671,0.456914748990741,956,0.7004899960001363,3.4336822016858455,15.248962079884384,14.39109304258192,0.138362613027047,0.1296099205670572,0.29804133088855406,0.9804133088855405,30.620468431351846
12,0.8386482645222383,0.8200201157262256,0.0006534672258983428,0.46947038822861764,956,0.6865985184817729,3.474973317355945,14.420046753957072,13.600901083285711,0.13528953417469824,0.12586956442157174,0.28510844717679706,0.8510844717679705,28.872032309010752
12,0.8327531633104229,0.8205781923248208,0.00075044397034878,0.4863214102122389,962,0.7053441244790566,3.438764405014325,11.266249872882442,13.888174271486333,0.14168822242010684,0.12571943682495607,0.2900565003269417,0.9005650032694168,26.054989147638192
12,0.8405962690923297,0.8364679847488021,0.0006811168850218771,0.4729151306506113,959,0.7113892168228577,3.472304014509229,10.960139492832662,14.434516004116398,0.14303970045416173,0.1266279698316394,0.2871823731443594,0.8718237314435939,26.266479228392654
12,0.8326044582117841,0.8138952576267193,0.0006682622852196816,0.4532974471268383,960,0.6680127080564373,3.4749263813439573,13.59976032798469,11.682310561531523,0.12003540897618634,0.11654897713716697,0.2746426069549383,0.746426069549383,26.028496959065595
12,0.8458939422948764,0.8203395202379851,0.000768182305489427,0.5020880887326765,964,0.671434437379064,3.443983681626827,13.716214107944735,13.742132510251285,0.13032999672605536,0.13325635678023848,0.2764769345357176,0.7647693453571758,28.223115963553195
12,0.8450425315446793,0.828987784007402,0.0005513386915477765,0.502363443553241,963,0.6904081299200967,3.486109484978589,13.535587355138471,11.39894322755109,0.11582049283475043,0.12149165789832615,0.2797131987829395,0.7971319878293948,25.731662570518957
12,0.8499668669770654,0.8159372038320681,0.0008435939233773509,0.46254577088742443,959,0.7026346126120596,3.435738234794275,13.251177859467438,14.794397238946072,0.14636771959906958,0.1332265756605949,0.3161297963445587,1.1612979634455867,29.206873061859095
12,0.8506980146160235,0.83990961895333,0.000839808995720891,0.499671798125289,957,0.6839504099104495,3.457246145862027,14.573125087865941,14.132735298563976,0.12571819226519448,0.13315206828000578,0.28722666050111,0.8722666050111,29.578126991441017
12,0.8317076456668006,0.8351879346681136,0.0005206889807886611,0.4625530955170436,959,0.6729451783534443,3.475354503040268,11.840494374093678,13.775548322015728,0.1288318368828017,0.13235420343997456,0.2931899218565509,0.931899218565509,26.547941914674915
12,0.8430981400613095,0.8310057444797815,0.0007060169873614575,0.47435804996292874,961,0.6946475959674956,3.4444803641145034,11.847706000171886,13.993230230682801,0.14048785780342218,0.12463611161125952,0.28391424738812854,0.8391424738812853,26.680078704735973
12,0.8344822061709853,0.8257464269321358,0.000815322409650881,0.5033276714086581,964,0.7125315483795317,3.442687117998418,10.86464679399724,13.773456169064684,0.14019828248573757,0.1190387206185971,0.2936666996007271,0.936666996007271,25.574769959069197
12,0.8351150276102037,0.825813125138801,0.0007649038278994188,0.45081861404029105,962,0.6811042045147335,3.441624426491467,12.954140130360333,12.869874139767326,0.1296291557478062,0.12329464877457208,0.3099297518810634,1.099297518810634,26.923311788938292
12,0.8499961626845928,0.8350455423827705,0.0008028012642930062,0.4534014407209542,959,0.7043084165793951,3.4492321475579413,10.962019756710925,13.442564968585579,0.13817249267166254,0.11740144392165504,0.2949924949457573,0.9499249494575729,25.354509674754073
12,0.8514107882135195,0.8390807039332143,0.0007193970013112677,0.48665051274022125,964,0.68565613390335,3.43531972410775,10.878692439899005,14.459972410085728,0.15354986262773046,0.12600588885435404,0.33250014113765003,1.3250014113765003,26.663666261361232
12,0.8465761402570771,0.8261757228230495,0.0007627808242545655,0.5007018833619789,961,0.6908740762928824,3.438357939311767,12.805335941954702,13.324689306874982,0.12856966347440155,0.12314057865500042,0.2749115759985869,0.7491157599858689,26.87914100881555
12,0.8516687363264354,0.8275141148840339,0.0007464732961924748,0.4507832123336864,962,0.6886421478648873,3.4673194293547924,12.249011578976951,14.24678701793305,0.13580545407192116,0.13166268656784375,0.30377595342751584,1.0377595342751582,27.533558131185156
12,0.8375151055650659,0.815649793654711,0.0007078408509380114,0.5004170053818419,957,0.7065887789620448,3.442151767900225,14.134086581703098,12.292749927478974,0.11449937872295321,0.13137624714900267,0.2829762832912053,0.8297628329120527,27.256599342094127
12,0.8441362553637968,0.8444925004245302,0.0007576027452246662,0.4992406667157716,960,0.7129050433902686,3.466528363419196,12.360102076179652,13.059101944649274,0.126615299674302,0.12513470700566476,0.2806328393294316,0.806328393294316,26.225532414123244
12,0.8457347363148316,0.8281453897733531,0.0008072483202966711,0.45058477099418176,957,0.6655226028976,3.4690049412023747,13.32483268731941,10.935922075008762,0.11582385896662589,0.11968471672879032,0.26464874438031305,0.6464874438031304,24.9072422061313
12,0.8489481151060878,0.8324562473393946,0.0005652116438650165,0.501351974974205,960,0.688891689051412,3.465685101746217,12.558693886700588,13.510444015492336,0.13506723076580426,0.12346650671435913,0.3055164825596502,1.0551648255965018,27.124302727789427
12,0.8476809865712969,0.8286919374912365,0.0005487436004592702,0.5004109131635233,956,0.6870924927070022,3.451969699996537,11.841791738164655,13.842265600753148,0.13438176392875692,0.13115066649534338,0.28857530666207754,0.8857530666207752,26.56981040553858
12,0.8433495330056712,0.8154305920955053,0.0007626460966721739,0.48686019836082456,955,0.6677398487779819,3.438300906900687,13.666721263702682,11.976278557223871,0.11096122178917493,0.1342731010245026,0.28138781095980586,0.8138781095980585,26.456877930524612
12,0.8444468513577207,0.8416612463640496,0.0007015697221611856,0.5015992125638913,962,0.6808339619576708,3.4572635381350634,12.806590551252373,11.217958725379285,0.10397611652803637,0.12826330760768265,0.2937940867705021,0.937940867705021,24.96249014433668
12,0.8482949615303609,0.8397652366531697,0.0007537044292415818,0.48116238980399595,962,0.6722696416984333,3.4399690485222743,11.932246082737196,15.364560160988761,0.15145574438277692,0.13632085334656757,0.3002605004728281,1.0026050047282808,28.299411248454238
12,0.8376152176336813,0.8136943720435134,0.0007339282060390692,0.4751598849437373,961,0.6854893646273916,3.4550544573903865,12.081402975005647,11.086563361936829,0.11158781454038946,0.12354262400180845,0.26171003898625805,0.6171003898625804,23.78506672680506
12,0.8400274726866,0.846353299037395,0.0006703943754829562,0.47686239836246164,954,0.6979626071924319,3.464229734991006,11.112634898287212,14.217238656630709,0.14366337005276422,0.1242139038457797,0.3021508679326834,1.0215086793268342,26.351382234244756
12,0.8331915032275866,0.8426142779518115,0.0005975256189975726,0.4863934610040668,961,0.7127246359732534,3.477978333733047,13.495645010883786,15.3589574868617,0.15440231980074823,0.1275091227840799,0.3505958799854567,1.5059587998545672,30.360561297600054
12,0.8493083450902267,0.8163773177010266,0.0007488701437322378,0.4984191661325556,965,0.7021129063959894,3.44311689043433,12.149328773611547,13.771791291019634,0.142284381750763,0.12226559110118784,0.2649507919054464,0.6495079190544639,26.570627983685647
12,0.8420707614178488,0.811677763230349,0.0006985633831173581,0.44879986371356173,958,0.6940141819248333,3.4742207896940713,12.286530712956441,13.153673266255236,0.1282039477985983,0.127255637942084,0.307468709446798,1.0746870944679798,26.514891073679657
12,0.8324431574117993,0.8131376100310886,0.000551402535375996,0.45382381202329547,954,0.6843874688115404,3.4532195151086893,12.125133886574888,15.254156571905092,0.16156540197223462,0.13169832594278327,0.2965084265258211,0.9650842652582109,28.344374723738188
12,0.8328396166018015,0.8392351427425002,0.0007519687343325005,0.47692100121413855,955,0.7089601762083909,3.4484503445560573,14.010187880401803,12.51497708298101,0.12925561621309783,0.1275867288723123,0.2889035491487567,0.889035491487567,27.414200454870382
12,0.8413589999267426,0.8336287552971706,0.0006314544616583144,0.4691462953528535,961,0.6709276373960479,3.4594349639500788,12.984693166790551,14.413710127882526,0.1366947986411646,0.13354221708550723,0.29370033763908954,0.9370033763908953,28.33540667106397
12,0.8396400959228142,0.8214101172098303,0.0005711287802343185,0.46660163986037956,960,0.6894582578925617,3.4528167990730894,12.123318683452123,14.015950500532483,0.13900833636555981,0.1307212344003221,0.29086572653677484,0.9086572653677483,27.047926449352353
12,0.8345863186640883,0.8389004920595876,0.0005418955948935032,0.4914102152696503,959,0.6816303218102739,3.4856587165998367,14.123843811435112,12.628532282175613,0.12071708196281256,0.12582510590150486,0.2742958522811591,0.7429585228115909,27.495334616422316
12,0.8509654164454256,0.8147066286768972,0.0007732559362230812,0.4711868609063303,964,0.7005738223971131,3.459083132364979,14.005438058822213,13.408898246119625,0.1396679136803866,0.1267901963591523,0.31155317002914956,1.1155317002914955,28.529868005233332
12,0.8414335704414303,0.8324440060692958,0.0005623200596493947,0.45015997779391387,963,0.6996030373615514,3.4748325946330367,12.054596342675538,15.03330059720278,0.14630182817317344,0.1289597138735344,0.3450880449887142,1.450880449887142,28.53877738976546
12,0.8463245180425341,0.8428753802836498,0.0008018489262771045,0.4604393702567195,959,0.7092349241575204,3.4591858282440526,10.360909775260252,17.49169696388983,0.1618739908553793,0.14415188916148255,0.3325638114377768,1.3256381143777678,29.17824485352785
12,0.8485434714926967,0.8275244449709906,0.000552240282740542,0.48523912310978196,959,0.6959576630409039,3.466618193799739,11.758640510834482,13.743988457445507,0.14584170710192504,0.12118369353710672,0.2692601202797932,0.6926012027979317,26.19523017107792
12,0.8329876333357237,0.8173948338875247,0.0006998624436839489,0.46840684896648704,957,0.7131690093078294,3.4383709333507686,12.445110042969832,12.491250032977094,0.1257483217144976,0.12199352048844829,0.2846074044101214,0.8460740441012138,25.78243412004814
12,0.8442052008765029,0.8338932620403973,0.0008482141192457735,0.4651200905983884,961,0.7113596324896393,3.4348891294392447,12.723646187258794,13.879830544217594,0.1418342210429601,0.1211398952961921,0.27816534223742756,0.7816534223742755,27.385130153850664
12,0.841130641420509,0.8254242196627825,0.0006168596662047824,0.45679534190788723,957,0.6730093615045702,3.4781439810786297,13.715509944752052,11.2657187718065,0.11353189949526517,0.11770617159254389,0.28239735854049985,0.8239735854049984,25.80520230196355
12,0.8357838344044782,0.8294738206578157,0.0007489528659249043,0.45020156885059304,956,0.690191150460932,3.456016976281502,13.533497856290778,14.338944140115288,0.14036755673543386,0.12742928221594021,0.29237579835877975,0.9237579835877974,28.796199979993865
12,0.8320459707106592,0.8260998918805771,0.0005595806980741826,0.45127504415075703,957,0.7096230549281592,3.4558591432561077,12.952255987934347,14.38207373046147,0.15390083865176554,0.12802592854087427,0.2738064849779002,0.7380648497790021,28.072394568174815
12,0.84413682033824,0.8331577208156439,0.0007784615402771185,0.460336713248065,958,0.7055346299987102,3.4706569346240492,13.29018645040434,13.312285491043445,0.14279295973210787,0.11992236925564098,0.2774481648348993,0.774481648348993,27.376953589796777
12,0.844693313894982,0.8304864041635385,0.0007374914758460528,0.4913627010773605,963,0.7133345636214585,3.482181081472119,13.78590857537435,14.017564366667607,0.14130210628047185,0.12628776114672396,0.2920241973261494,0.9202419732614942,28.72371491530345
12,0.8367585124800694,0.8396019632695341,0.0005972470802792303,0.4477322052201775,962,0.7085022709271224,3.4720379541988953,12.361464398716015,11.609070017256885,0.13096410178101342,0.1149493504667132,0.29692271080094845,0.9692271080094844,24.939761523982384
12,0.847625606526806,0.827960619665827,0.0006775721901354366,0.4549410126452087,965,0.7122512729072359,3.4840453840512744,12.73495012115803,13.496491778942339,0.14429104612507254,0.12595030438386584,0.30211654816966227,1.0211654816966225,27.252607381796995
12,0.8371262783819113,0.8268970683072594,0.0005557840846472105,0.4564002225785235,960,0.6891248312917846,3.4353638348021787,11.639262586264751,15.164274020362242,0.15111717101959418,0.13257562253675437,0.32667251600173053,1.2667251600173053,28.070261766644297
12,0.844987350023034,0.8300828726618277,0.0007470144545226412,0.4700636126602528,956,0.6911734831504863,3.4636165324832304,12.907337908585642,12.479548208432016,0.12703930951460046,0.12409456943300763,0.3372424603334014,1.3724246033340137,26.759310720351674
12,0.8413275480181212,0.8095399245496911,0.0005414991534798606,0.46722490258760296,954,0.7035739204586231,3.48649670213022,12.591056223245586,14.951128706275897,0.15266653125777485,0.12815471969654926,0.29954840423835377,0.9954840423835376,28.53766897190502
12,0.8504785850546561,0.8389725591750452,0.0007907688887935781,0.4459533610934003,958,0.6865992851861368,3.457958448631487,14.04078244656954,13.907802429067685,0.1336776301756957,0.12733113234180693,0.26731927855141185,0.6731927855141184,28.62177766115134
12,0.8327456850102702,0.8409525319972327,0.0007650837618031868,0.4593180237803776,957,0.6797293001010937,3.439613499781486,12.094449094321575,14.17195072610668,0.13296212952965966,0.1359506221308752,0.3142930626389883,1.142930626389883,27.40933044681814
12,0.8323707368729707,0.8284579510051975,0.0005476263029333824,0.48420300784301695,954,0.6798668780174921,3.4498566966090727,14.101802512982974,14.594623446911495,0.13254936177342555,0.13497465248942536,0.2998090728482105,0.998090728482105,29.694516688376574
12,0.8319383148818974,0.8219730980434173,0.0006927814708767722,0.48260250911014346,962,0.693850316955484,3.4662976271748835,12.439893632500684,13.081117566390809,0.12997542673122361,0.12398248690372564,0.2780249755360561,0.7802497553605608,26.301260954252054
12,0.8494332642846804,0.8355226562825039,0.0005501260051142416,0.4882469000873376,964,0.6780435035535914,3.4547319020320235,11.350526740249084,13.955680024505364,0.1401249919883612,0.1326716969656104,0.2894999899710882,0.8949998997108821,26.20120666446533
12,0.8388810310774968,0.8383478382023793,0.0005941156305659325,0.4680873687143347,954,0.6660657678741639,3.4614611647928344,13.430588593566299,12.613499518831047,0.12630173510185289,0.12019144382496076,0.2627796206796865,0.6277962067968651,26.671884319194213
12,0.831676074847376,0.8349803443079996,0.0008432750134996818,0.454263333493793,955,0.6725260163463008,3.4724459654208593,13.606636930087628,14.304740698630303,0.12326078258655297,0.13846400970570608,0.30147273403790287,1.0147273403790287,28.926104969096958
12,0.8437104645053668,0.8213551289780312,0.0005963469363768646,0.467020258373982,957,0.6648201220514404,3.4339841191631195,13.193905846246219,14.724878280973295,0.13520115792722393,0.1353202154141708,0.2752387675700869,0.7523876757008691,28.671171802920384
12,0.8459095452451205,0.8104371562738711,0.0007594800342555157,0.49002878999293237,956,0.6915775921062386,3.474756519100406,14.434602177173128,14.841313837728602,0.1365573728394183,0.12940811650128498,0.2933379775051504,0.9333797750515038,30.209295789953234
12,0.8326094441769842,0.8461660099768019,0.0006483923238860875,0.48193373400922773,959,0.6907159130621078,3.441632768036198,14.467771699542567,11.759361121752708,0.11833117710482807,0.12718186561646966,0.28693767512871166,0.8693767512871164,27.09650957258239
12,0.8502551222457995,0.8140530511582832,0.0007860688739262664,0.45316775302363693,965,0.6809893675828598,3.4574640415377793,12.632770067212824,14.1631193745257,0.13873637071341427,0.1299671613604008,0.2625150639437138,0.6251506394371381,27.42104008117566
12,0.846982270099497,0.8432552924175246,0.0005780812081460587,0.4725653952316328,959,0.6641766774566237,3.4454683798211834,13.31071071914685,13.748535110355451,0.12914159976457396,0.13512045371940737,0.289718426608206,0.89718426608206,27.956430095584363
12,0.8462063711123092,0.829059818088999,0.000713395073922802,0.4514674621514836,956,0.6872850349291784,3.4489385450042636,11.582321431421933,13.113836635133453,0.11825727068879809,0.12997189061759348,0.2748437775455603,0.7484377754556026,25.444595842010987
12,0.8449926303364803,0.8373125308069276,0.0005402955880459999,0.4777583663485997,963,0.6951101868395755,3.4468835199346235,12.741780300447694,15.05537174103723,0.1423960618408033,0.1323230151282799,0.30908941140263496,1.0908941140263495,28.888046155511272
12,0.8357304783154824,0.8342586055925485,0.0006411888680312548,0.49437543453749505,963,0.6761803777117938,3.442501680823144,15.0441922148658,13.980031923689136,0.1251242584608785,0.13312406773145183,0.28547639227613497,0.8547639227613496,29.878988061316285
12,0.8338808429393761,0.8183391704426207,0.0008065137006861906,0.489491287236334,959,0.6642132387627827,3.4763909389144274,12.648030166055541,14.9763019664565,0.13245807857788428,0.1374773896611791,0.2844875478297356,0.8448754782973561,28.4692076108094
12,0.8435405129157446,0.8354237676084562,0.0007093432691600338,0.44907241075746845,961,0.6791206563552998,3.4815781783265694,12.92062047233724,14.343173857677446,0.14894079483630684,0.12564927323559533,0.33124570864380326,1.3124570864380325,28.57625141645272
12,0.8494713478765861,0.8290624622884668,0.0005742085662706017,0.45125326084239387,963,0.6971262587005292,3.484378858526679,9.600574564893003,15.820454027715542,0.1502032819523006,0.12898980894292714,0.3092037205296648,1.092037205296648,26.513065797905192
12,0.8461739655203485,0.8378124521028844,0.0005220958090795682,0.4626980291228844,962,0.7125696689972222,3.484198981521371,11.81825966722821,18.034834227330048,0.17620555914905506,0.15848933386508682,0.3913911105709749,1.913911105709749,31.767005000268007
12,0.8337414221593966,0.8464855187836533,0.0006567847251526155,0.4773660244778436,963,0.6731163480353335,3.4427934522865304,12.0809529820034,13.165936243848096,0.13724394189948694,0.12301035216695523,0.2959227157404051,0.9592271574040506,26.206116383255548
12,0.846976470876841,0.846188006919724,0.0008203979471664104,0.4879366429415456,961,0.682395459732745,3.447285241593063,11.744379866074958,14.95320392882691,0.14695363321386978,0.13274049743980146,0.31659161556936277,1.1659161556936275,27.863499950595493
12,0.8341305537673899,0.826384133290457,0.0006002297030338104,0.4983671654484965,962,0.6811783587254668,3.4495025055631716,11.206614728832726,15.7703749608581,0.1475593044698791,0.13928602955910033,0.3113313496693827,1.1133134966938267,28.090303186384652
12,0.8399568411633804,0.8163182394953491,0.0008279551919043296,0.4618397886559303,963,0.7015854269675609,3.4795035121830096,13.862119745186945,15.375828490894696,0.1595022923741998,0.13709911573045008,0.3314516851222159,1.3145168512221588,30.5524650873038
12,0.8378266846326756,0.8268199147461907,0.0007433393818822335,0.49342230544599375,960,0.674481499517045,3.470777802938391,14.29802236435106,14.148834867197596,0.12332574791964866,0.1303656317891541,0.28513583775787027,0.8513583775787026,29.298215609127357
12,0.8514125641725226,0.8210517636558429,0.0005373211723766395,0.4729484106445136,963,0.7042838583291557,3.486212999980941,9.279527398296606,13.327487696165258,0.14317145684981866,0.11914374924690285,0.31638918891900875,1.1638918891900873,23.77090698365195
12,0.8398831143942693,0.845939514681015,0.0007891922062669083,0.4968199064701566,959,0.680590687691255,3.462197018181431,13.818759444978511,13.802358399803273,0.1393451374343634,0.127793806898957,0.2699433673245951,0.6994336732459511,28.320551518027738
12,0.8319258223079069,0.8333723478992272,0.0005670734586931238,0.45824134153731283,958,0.6879067542860804,3.471555696036647,11.499275729091899,14.446078011111817,0.14742309464216377,0.12825916480765046,0.2820050233835535,0.8200502338355348,26.76540397403925
12,0.8426260303470637,0.8373269647865809,0.0006513143474647321,0.4627779559580634,961,0.6730807320855796,3.449162528873951,13.526875000205449,13.75729434345594,0.11795885191044446,0.1361948835765868,0.2848633379765818,0.848633379765818,28.132802723427208
12,0.8457777435834662,0.8304940322432748,0.0005544347927273458,0.4874296622369435,961,0.713139793041187,3.449073794121188,12.01497888850079,12.300892694769454,0.1283255004111134,0.11819157075127436,0.26078320365049457,0.6078320365049455,24.92370361977519
12,0.8344700538918526,0.8274665078296761,0.0005842196689907775,0.4863686914855023,964,0.6876682482817905,3.438132229913296,12.32247515965525,14.846594747288611,0.14535469543713325,0.13648587468287335,0.32934871061394233,1.2934871061394233,28.462557013083284
12,0.8474212308914758,0.8331983538866372,0.000600545387073585,0.4822959724047564,963,0.6935905017420055,3.4406173941203093,11.932101925878554,12.098468801102722,0.1243725661168553,0.12308779462351953,0.265062905342775,0.6506290534277498,24.681199780409024
12,0.8426162674250504,0.8116786783137924,0.0006280956917052652,0.47815240829252775,956,0.6971542843092793,3.466696957461824,13.038661045243757,14.26351827716527,0.1349851961817323,0.13486270163123543,0.28922684107654983,0.8922684107654982,28.194447733174524
12,0.8444593669103275,0.8185116906964284,0.0006054475270244745,0.48527936231463564,964,0.6654337125699082,3.4805270041710683,13.459859841090648,13.130989798994383,0.12397699215802821,0.12678550287222032,0.2801774847396351,0.801774847396351,27.392624487481385
12,0.8386020461519037,0.8335441211484351,0.0005613889329648167,0.45390168595396807,954,0.6677759724957744,3.4838068430638276,14.636562132938298,12.998455162886046,0.13589043915019564,0.1205501685251507,0.27652488310990947,0.7652488310990946,28.400266126923437
12,0.8383797902721629,0.8256621420736661,0.0007891550306417493,0.4821667451559502,958,0.6878534426235803,3.469525774420227,11.758519818574916,13.71982177990193,0.14147049861869795,0.11856659283242117,0.2653780846072886,0.6537808460728861,26.132122444549733
12,0.8451273819871155,0.8143459459293462,0.0008203260350102019,0.4922097406490741,957,0.7073111817910279,3.434638559577384,12.462305873983633,13.186303031475987,0.13827430753099096,0.12070944720413763,0.2817758897279305,0.8177588972793048,26.466367802738922
12,0.8454432656244965,0.8233135782798942,0.0006200197717882452,0.49346799140089015,960,0.6674982305602576,3.484570525620864,12.050319378072823,12.844518721616367,0.1314769036372109,0.12060126773607113,0.2872251493365711,0.8722514933657111,25.767089593054898
12,0.8456043219934235,0.8311057984564082,0.0006075741054107321,0.4948262434935907,962,0.6992171715025896,3.4601191902448436,13.424846717899543,13.584683828886517,0.13608308042700834,0.12633948993344188,0.30575366899990714,1.0575366899990712,28.06706723678513
12,0.843228574195475,0.8261924774539068,0.0006605008879304771,0.49996498630128317,964,0.6773179361891793,3.4790718886299716,10.33603902512635,13.407299435489252,0.1340243116943679,0.12650060532335186,0.2935537780117678,0.9355377801176779,24.67887624073328
12,0.8496469973796668,0.8421155104703981,0.0005832123800004287,0.4993769337131403,955,0.687370072531341,3.4682013184855465,13.411615355905514,14.395125068154396,0.14181829714411306,0.13380723827457938,0.3027459661957233,1.027459661957233,28.834200086017145
12,0.836291396738843,0.8373416178495443,0.0006074745706221296,0.4455732328745066,961,0.6639719923555232,3.4677225060370622,15.507636072505804,13.32086280383084,0.13197905329416615,0.1286594302744043,0.274299477283402,0.7429947728340197,29.571493649170666
12,0.8356419671305586,0.845480630759275,0.0007396859943388407,0.48333409099904934,954,0.6831184151726062,3.4520876888185525,13.683831525497569,12.044441325341214,0.12192954432712667,0.12566333560418877,0.27147689817056087,0.7147689817056085,26.44304183254439
12,0.851263173472403,0.8437081714791366,0.0005577745057110453,0.4806285062163909,965,0.6801922102479795,3.4811395653861252,13.43754079121404,14.155869465515899,0.13658022526179747,0.1278938592074555,0.2958879409419869,0.9588794094198688,28.552289666149807
12,0.8319034889678276,0.818211585793113,0.000667250968333555,0.4475245956969872,954,0.7087080506363763,3.4650079106160345,8.208750264041207,16.180447276537198,0.161417262915053,0.1196435446264806,0.30077706304656654,1.0077706304656653,25.39696817104407
12,0.8331477162741365,0.8152196297969692,0.0006168224096370595,0.4597537500995469,956,0.6725346092168211,3.4620293862030764,12.42006766292752,15.153725331100052,0.14532978407499142,0.1385109327178828,0.2999819529887764,0.9998195298877638,28.573612523915333
12,0.837043025171982,0.8312927773731539,0.0006192808894013165,0.4541672151315273,964,0.6891516859261638,3.4847243275308597,11.59617836873551,13.082794998168202,0.1445977257185957,0.1188302016349422,0.2651914850300293,0.6519148503002931,25.330888217204006
12,0.8343383655527798,0.8334449332658298,0.000726607744623359,0.49504524362043895,959,0.6802270652079206,3.472630628052142,12.839284542267574,14.283727680063672,0.13313008112107114,0.1327701021435355,0.3205603557590953,1.205603557590953,28.328615779922202
12,0.8374579103981519,0.8243259891348999,0.0005994179628254678,0.48158249323808977,962,0.6935224042184853,3.4461120664135927,14.069445903760382,12.570304056243899,0.1258370697794108,0.12231163413280119,0.27259464756682444,0.7259464756682443,27.365696435672525
12,0.8468319078503511,0.839168998879106,0.0006743373261691332,0.48807339107213094,961,0.6960222658101131,3.45870781099009,12.670729149600776,13.291923659164784,0.13658941923990728,0.1230840938030509,0.28981485803361406,0.8981485803361405,26.860801389101702
12,0.8495739294043053,0.810479142361113,0.0006186817639159301,0.4950460617399376,955,0.6750348724864326,3.4449987375931936,13.538878316458005,14.259022130386134,0.14485182912630307,0.1298024750607187,0.28777345456428843,0.8777345456428842,28.675634992487023
